model,condition,definition_gap,offset,n,accuracy,ci95_low,ci95_high
Qwen/Qwen2.5-0.5B-Instruct,full_prompt,32,-32,20,1.0,0.8388698745050668,0.9999999999999999
Qwen/Qwen2.5-0.5B-Instruct,full_prompt,32,0,20,1.0,0.8388698745050668,0.9999999999999999
Qwen/Qwen2.5-0.5B-Instruct,full_prompt,32,32,20,1.0,0.8388698745050668,0.9999999999999999
Qwen/Qwen2.5-0.5B-Instruct,full_prompt,32,64,20,0.95,0.7638641064874331,0.9911187805671268
Qwen/Qwen2.5-0.5B-Instruct,full_prompt,32,128,20,1.0,0.8388698745050668,0.9999999999999999
Qwen/Qwen2.5-0.5B-Instruct,full_prompt,32,256,20,0.85,0.6395767041130426,0.9476322080405041
Qwen/Qwen2.5-0.5B-Instruct,full_prompt,64,-32,20,1.0,0.8388698745050668,0.9999999999999999
Qwen/Qwen2.5-0.5B-Instruct,full_prompt,64,0,20,0.95,0.7638641064874331,0.9911187805671268
Qwen/Qwen2.5-0.5B-Instruct,full_prompt,64,32,20,1.0,0.8388698745050668,0.9999999999999999
Qwen/Qwen2.5-0.5B-Instruct,full_prompt,64,64,20,0.9,0.6989617935882066,0.9721341060158468
Qwen/Qwen2.5-0.5B-Instruct,full_prompt,64,128,20,0.9,0.6989617935882066,0.9721341060158468
Qwen/Qwen2.5-0.5B-Instruct,full_prompt,64,256,20,0.95,0.7638641064874331,0.9911187805671268
Qwen/Qwen2.5-0.5B-Instruct,full_prompt,128,-32,20,0.95,0.7638641064874331,0.9911187805671268
Qwen/Qwen2.5-0.5B-Instruct,full_prompt,128,0,20,0.95,0.7638641064874331,0.9911187805671268
Qwen/Qwen2.5-0.5B-Instruct,full_prompt,128,32,20,1.0,0.8388698745050668,0.9999999999999999
Qwen/Qwen2.5-0.5B-Instruct,full_prompt,128,64,20,0.95,0.7638641064874331,0.9911187805671268
Qwen/Qwen2.5-0.5B-Instruct,full_prompt,128,128,20,0.95,0.7638641064874331,0.9911187805671268
Qwen/Qwen2.5-0.5B-Instruct,full_prompt,128,256,20,1.0,0.8388698745050668,0.9999999999999999
Qwen/Qwen2.5-0.5B-Instruct,full_prompt,256,-32,20,0.85,0.6395767041130426,0.9476322080405041
Qwen/Qwen2.5-0.5B-Instruct,full_prompt,256,0,20,0.85,0.6395767041130426,0.9476322080405041
Qwen/Qwen2.5-0.5B-Instruct,full_prompt,256,32,20,0.95,0.7638641064874331,0.9911187805671268
Qwen/Qwen2.5-0.5B-Instruct,full_prompt,256,64,20,1.0,0.8388698745050668,0.9999999999999999
Qwen/Qwen2.5-0.5B-Instruct,full_prompt,256,128,20,0.9,0.6989617935882066,0.9721341060158468
Qwen/Qwen2.5-0.5B-Instruct,full_prompt,256,256,20,1.0,0.8388698745050668,0.9999999999999999
Qwen/Qwen2.5-0.5B-Instruct,full_prompt,512,-32,20,0.95,0.7638641064874331,0.9911187805671268
Qwen/Qwen2.5-0.5B-Instruct,full_prompt,512,0,20,0.95,0.7638641064874331,0.9911187805671268
Qwen/Qwen2.5-0.5B-Instruct,full_prompt,512,32,20,1.0,0.8388698745050668,0.9999999999999999
Qwen/Qwen2.5-0.5B-Instruct,full_prompt,512,64,20,1.0,0.8388698745050668,0.9999999999999999
Qwen/Qwen2.5-0.5B-Instruct,full_prompt,512,128,20,0.95,0.7638641064874331,0.9911187805671268
Qwen/Qwen2.5-0.5B-Instruct,full_prompt,512,256,20,0.95,0.7638641064874331,0.9911187805671268
Qwen/Qwen2.5-0.5B-Instruct,full_prompt,768,-32,20,0.9,0.6989617935882066,0.9721341060158468
Qwen/Qwen2.5-0.5B-Instruct,full_prompt,768,0,20,0.9,0.6989617935882066,0.9721341060158468
Qwen/Qwen2.5-0.5B-Instruct,full_prompt,768,32,20,1.0,0.8388698745050668,0.9999999999999999
Qwen/Qwen2.5-0.5B-Instruct,full_prompt,768,64,20,0.85,0.6395767041130426,0.9476322080405041
Qwen/Qwen2.5-0.5B-Instruct,full_prompt,768,128,20,1.0,0.8388698745050668,0.9999999999999999
Qwen/Qwen2.5-0.5B-Instruct,full_prompt,768,256,20,1.0,0.8388698745050668,0.9999999999999999
Qwen/Qwen2.5-0.5B-Instruct,full_prompt,1024,-32,20,1.0,0.8388698745050668,0.9999999999999999
Qwen/Qwen2.5-0.5B-Instruct,full_prompt,1024,0,20,0.9,0.6989617935882066,0.9721341060158468
Qwen/Qwen2.5-0.5B-Instruct,full_prompt,1024,32,20,1.0,0.8388698745050668,0.9999999999999999
Qwen/Qwen2.5-0.5B-Instruct,full_prompt,1024,64,20,0.95,0.7638641064874331,0.9911187805671268
Qwen/Qwen2.5-0.5B-Instruct,full_prompt,1024,128,20,0.95,0.7638641064874331,0.9911187805671268
Qwen/Qwen2.5-0.5B-Instruct,full_prompt,1024,256,20,1.0,0.8388698745050668,0.9999999999999999
Qwen/Qwen2.5-0.5B-Instruct,last_window,32,-32,20,0.4,0.21880396741419272,0.613422057684794
Qwen/Qwen2.5-0.5B-Instruct,last_window,32,0,20,0.5,0.2992949144298199,0.7007050855701801
Qwen/Qwen2.5-0.5B-Instruct,last_window,32,32,20,0.3,0.14547527396899385,0.5189767762289793
Qwen/Qwen2.5-0.5B-Instruct,last_window,32,64,20,0.3,0.14547527396899385,0.5189767762289793
Qwen/Qwen2.5-0.5B-Instruct,last_window,32,128,20,0.2,0.0806563532712,0.41602172202575993
Qwen/Qwen2.5-0.5B-Instruct,last_window,32,256,20,0.35,0.18118954786794464,0.5671494897805354
Qwen/Qwen2.5-0.5B-Instruct,last_window,64,-32,20,0.4,0.21880396741419272,0.613422057684794
Qwen/Qwen2.5-0.5B-Instruct,last_window,64,0,20,0.35,0.18118954786794464,0.5671494897805354
Qwen/Qwen2.5-0.5B-Instruct,last_window,64,32,20,0.2,0.0806563532712,0.41602172202575993
Qwen/Qwen2.5-0.5B-Instruct,last_window,64,64,20,0.25,0.11186005278940309,0.4687050099580636
Qwen/Qwen2.5-0.5B-Instruct,last_window,64,128,20,0.25,0.11186005278940309,0.4687050099580636
Qwen/Qwen2.5-0.5B-Instruct,last_window,64,256,20,0.2,0.0806563532712,0.41602172202575993
Qwen/Qwen2.5-0.5B-Instruct,last_window,128,-32,20,0.3,0.14547527396899385,0.5189767762289793
Qwen/Qwen2.5-0.5B-Instruct,last_window,128,0,20,0.25,0.11186005278940309,0.4687050099580636
Qwen/Qwen2.5-0.5B-Instruct,last_window,128,32,20,0.3,0.14547527396899385,0.5189767762289793
Qwen/Qwen2.5-0.5B-Instruct,last_window,128,64,20,0.25,0.11186005278940309,0.4687050099580636
Qwen/Qwen2.5-0.5B-Instruct,last_window,128,128,20,0.25,0.11186005278940309,0.4687050099580636
Qwen/Qwen2.5-0.5B-Instruct,last_window,128,256,20,0.45,0.25819502085709295,0.6579179916924003
Qwen/Qwen2.5-0.5B-Instruct,last_window,256,-32,20,0.45,0.25819502085709295,0.6579179916924003
Qwen/Qwen2.5-0.5B-Instruct,last_window,256,0,20,0.3,0.14547527396899385,0.5189767762289793
Qwen/Qwen2.5-0.5B-Instruct,last_window,256,32,20,0.25,0.11186005278940309,0.4687050099580636
Qwen/Qwen2.5-0.5B-Instruct,last_window,256,64,20,0.2,0.0806563532712,0.41602172202575993
Qwen/Qwen2.5-0.5B-Instruct,last_window,256,128,20,0.2,0.0806563532712,0.41602172202575993
Qwen/Qwen2.5-0.5B-Instruct,last_window,256,256,20,0.4,0.21880396741419272,0.613422057684794
Qwen/Qwen2.5-0.5B-Instruct,last_window,512,-32,20,0.3,0.14547527396899385,0.5189767762289793
Qwen/Qwen2.5-0.5B-Instruct,last_window,512,0,20,0.3,0.14547527396899385,0.5189767762289793
Qwen/Qwen2.5-0.5B-Instruct,last_window,512,32,20,0.15,0.05236779195949584,0.36042329588695743
Qwen/Qwen2.5-0.5B-Instruct,last_window,512,64,20,0.2,0.0806563532712,0.41602172202575993
Qwen/Qwen2.5-0.5B-Instruct,last_window,512,128,20,0.15,0.05236779195949584,0.36042329588695743
Qwen/Qwen2.5-0.5B-Instruct,last_window,512,256,20,0.15,0.05236779195949584,0.36042329588695743
Qwen/Qwen2.5-0.5B-Instruct,last_window,768,-32,20,0.35,0.18118954786794464,0.5671494897805354
Qwen/Qwen2.5-0.5B-Instruct,last_window,768,0,20,0.15,0.05236779195949584,0.36042329588695743
Qwen/Qwen2.5-0.5B-Instruct,last_window,768,32,20,0.15,0.05236779195949584,0.36042329588695743
Qwen/Qwen2.5-0.5B-Instruct,last_window,768,64,20,0.25,0.11186005278940309,0.4687050099580636
Qwen/Qwen2.5-0.5B-Instruct,last_window,768,128,20,0.15,0.05236779195949584,0.36042329588695743
Qwen/Qwen2.5-0.5B-Instruct,last_window,768,256,20,0.2,0.0806563532712,0.41602172202575993
Qwen/Qwen2.5-0.5B-Instruct,last_window,1024,-32,20,0.35,0.18118954786794464,0.5671494897805354
Qwen/Qwen2.5-0.5B-Instruct,last_window,1024,0,20,0.3,0.14547527396899385,0.5189767762289793
Qwen/Qwen2.5-0.5B-Instruct,last_window,1024,32,20,0.2,0.0806563532712,0.41602172202575993
Qwen/Qwen2.5-0.5B-Instruct,last_window,1024,64,20,0.4,0.21880396741419272,0.613422057684794
Qwen/Qwen2.5-0.5B-Instruct,last_window,1024,128,20,0.3,0.14547527396899385,0.5189767762289793
Qwen/Qwen2.5-0.5B-Instruct,last_window,1024,256,20,0.4,0.21880396741419272,0.613422057684794
Qwen/Qwen2.5-0.5B-Instruct,rolling_kv,32,-32,100,0.96,0.9016278276739262,0.984336949448152
Qwen/Qwen2.5-0.5B-Instruct,rolling_kv,32,0,100,0.97,0.915479219195973,0.9897456617765851
Qwen/Qwen2.5-0.5B-Instruct,rolling_kv,32,32,100,0.24,0.16691211265459965,0.3323251872329213
Qwen/Qwen2.5-0.5B-Instruct,rolling_kv,32,64,100,0.22,0.15001174503655804,0.3107053471500031
Qwen/Qwen2.5-0.5B-Instruct,rolling_kv,32,128,100,0.2,0.1333659225590988,0.28883096192650237
Qwen/Qwen2.5-0.5B-Instruct,rolling_kv,32,256,100,0.31,0.22779563206132378,0.40626239477955695
Qwen/Qwen2.5-0.5B-Instruct,rolling_kv,64,-32,100,0.95,0.8882480347279118,0.9784566385436864
Qwen/Qwen2.5-0.5B-Instruct,rolling_kv,64,0,100,0.93,0.8625032899347026,0.9656811756359359
Qwen/Qwen2.5-0.5B-Instruct,rolling_kv,64,32,100,0.24,0.16691211265459965,0.3323251872329213
Qwen/Qwen2.5-0.5B-Instruct,rolling_kv,64,64,100,0.19,0.1251465399270426,0.27779024070807856
Qwen/Qwen2.5-0.5B-Instruct,rolling_kv,64,128,100,0.27,0.1926946091766482,0.3643230022623127
Qwen/Qwen2.5-0.5B-Instruct,rolling_kv,64,256,100,0.22,0.15001174503655804,0.3107053471500031
Qwen/Qwen2.5-0.5B-Instruct,rolling_kv,128,-32,100,0.99,0.9455124752390653,0.9982326134344526
Qwen/Qwen2.5-0.5B-Instruct,rolling_kv,128,0,100,0.99,0.9455124752390653,0.9982326134344526
Qwen/Qwen2.5-0.5B-Instruct,rolling_kv,128,32,100,0.29,0.21014706973984146,0.38539074940007934
Qwen/Qwen2.5-0.5B-Instruct,rolling_kv,128,64,100,0.26,0.18404578126986462,0.35371172631861636
Qwen/Qwen2.5-0.5B-Instruct,rolling_kv,128,128,100,0.28,0.2013955916759837,0.37488212361345724
Qwen/Qwen2.5-0.5B-Instruct,rolling_kv,128,256,100,0.3,0.21894753866228117,0.39585038432811953
Qwen/Qwen2.5-0.5B-Instruct,rolling_kv,256,-32,100,0.9,0.8256326956323347,0.9447714583868639
Qwen/Qwen2.5-0.5B-Instruct,rolling_kv,256,0,100,0.81,0.7222097592919214,0.8748534600729574
Qwen/Qwen2.5-0.5B-Instruct,rolling_kv,256,32,100,0.29,0.21014706973984146,0.38539074940007934
Qwen/Qwen2.5-0.5B-Instruct,rolling_kv,256,64,100,0.27,0.1926946091766482,0.3643230022623127
Qwen/Qwen2.5-0.5B-Instruct,rolling_kv,256,128,100,0.14,0.08526265754464905,0.22137360383807236
Qwen/Qwen2.5-0.5B-Instruct,rolling_kv,256,256,100,0.36,0.2727107459049014,0.45764780018837914
Qwen/Qwen2.5-0.5B-Instruct,rolling_kv,512,-32,100,0.3,0.21894753866228117,0.39585038432811953
Qwen/Qwen2.5-0.5B-Instruct,rolling_kv,512,0,100,0.32,0.2366901081545688,0.4166280225367919
Qwen/Qwen2.5-0.5B-Instruct,rolling_kv,512,32,100,0.18,0.11700131654251038,0.26667536024213084
Qwen/Qwen2.5-0.5B-Instruct,rolling_kv,512,64,100,0.33,0.24562983793895452,0.4269483966028862
Qwen/Qwen2.5-0.5B-Instruct,rolling_kv,512,128,100,0.25,0.1754509400372426,0.3430464637007583
Qwen/Qwen2.5-0.5B-Instruct,rolling_kv,512,256,100,0.24,0.16691211265459965,0.3323251872329213
Qwen/Qwen2.5-0.5B-Instruct,rolling_kv,768,-32,100,0.45,0.3561437510640346,0.5475557296835656
Qwen/Qwen2.5-0.5B-Instruct,rolling_kv,768,0,100,0.27,0.1926946091766482,0.3643230022623127
Qwen/Qwen2.5-0.5B-Instruct,rolling_kv,768,32,100,0.23,0.15843154746876406,0.32154564856827694
Qwen/Qwen2.5-0.5B-Instruct,rolling_kv,768,64,100,0.25,0.1754509400372426,0.3430464637007583
Qwen/Qwen2.5-0.5B-Instruct,rolling_kv,768,128,100,0.26,0.18404578126986462,0.35371172631861636
Qwen/Qwen2.5-0.5B-Instruct,rolling_kv,768,256,100,0.3,0.21894753866228117,0.39585038432811953
Qwen/Qwen2.5-0.5B-Instruct,rolling_kv,1024,-32,100,0.35,0.2636410465347802,0.4474573957080203
Qwen/Qwen2.5-0.5B-Instruct,rolling_kv,1024,0,100,0.4,0.3093997461136028,0.4979992153815976
Qwen/Qwen2.5-0.5B-Instruct,rolling_kv,1024,32,100,0.27,0.1926946091766482,0.3643230022623127
Qwen/Qwen2.5-0.5B-Instruct,rolling_kv,1024,64,100,0.32,0.2366901081545688,0.4166280225367919
Qwen/Qwen2.5-0.5B-Instruct,rolling_kv,1024,128,100,0.29,0.21014706973984146,0.38539074940007934
Qwen/Qwen2.5-0.5B-Instruct,rolling_kv,1024,256,100,0.26,0.18404578126986462,0.35371172631861636
Qwen/Qwen2.5-3B-Instruct,full_prompt,32,-32,20,1.0,0.8388698745050668,0.9999999999999999
Qwen/Qwen2.5-3B-Instruct,full_prompt,32,0,20,1.0,0.8388698745050668,0.9999999999999999
Qwen/Qwen2.5-3B-Instruct,full_prompt,32,32,20,1.0,0.8388698745050668,0.9999999999999999
Qwen/Qwen2.5-3B-Instruct,full_prompt,32,64,20,1.0,0.8388698745050668,0.9999999999999999
Qwen/Qwen2.5-3B-Instruct,full_prompt,32,128,20,1.0,0.8388698745050668,0.9999999999999999
Qwen/Qwen2.5-3B-Instruct,full_prompt,32,256,20,1.0,0.8388698745050668,0.9999999999999999
Qwen/Qwen2.5-3B-Instruct,full_prompt,64,-32,20,1.0,0.8388698745050668,0.9999999999999999
Qwen/Qwen2.5-3B-Instruct,full_prompt,64,0,20,0.95,0.7638641064874331,0.9911187805671268
Qwen/Qwen2.5-3B-Instruct,full_prompt,64,32,20,1.0,0.8388698745050668,0.9999999999999999
Qwen/Qwen2.5-3B-Instruct,full_prompt,64,64,20,1.0,0.8388698745050668,0.9999999999999999
Qwen/Qwen2.5-3B-Instruct,full_prompt,64,128,20,1.0,0.8388698745050668,0.9999999999999999
Qwen/Qwen2.5-3B-Instruct,full_prompt,64,256,20,0.95,0.7638641064874331,0.9911187805671268
Qwen/Qwen2.5-3B-Instruct,full_prompt,128,-32,20,0.95,0.7638641064874331,0.9911187805671268
Qwen/Qwen2.5-3B-Instruct,full_prompt,128,0,20,1.0,0.8388698745050668,0.9999999999999999
Qwen/Qwen2.5-3B-Instruct,full_prompt,128,32,20,1.0,0.8388698745050668,0.9999999999999999
Qwen/Qwen2.5-3B-Instruct,full_prompt,128,64,20,0.95,0.7638641064874331,0.9911187805671268
Qwen/Qwen2.5-3B-Instruct,full_prompt,128,128,20,1.0,0.8388698745050668,0.9999999999999999
Qwen/Qwen2.5-3B-Instruct,full_prompt,128,256,20,1.0,0.8388698745050668,0.9999999999999999
Qwen/Qwen2.5-3B-Instruct,full_prompt,256,-32,20,0.95,0.7638641064874331,0.9911187805671268
Qwen/Qwen2.5-3B-Instruct,full_prompt,256,0,20,0.95,0.7638641064874331,0.9911187805671268
Qwen/Qwen2.5-3B-Instruct,full_prompt,256,32,20,1.0,0.8388698745050668,0.9999999999999999
Qwen/Qwen2.5-3B-Instruct,full_prompt,256,64,20,0.95,0.7638641064874331,0.9911187805671268
Qwen/Qwen2.5-3B-Instruct,full_prompt,256,128,20,0.85,0.6395767041130426,0.9476322080405041
Qwen/Qwen2.5-3B-Instruct,full_prompt,256,256,20,0.95,0.7638641064874331,0.9911187805671268
Qwen/Qwen2.5-3B-Instruct,full_prompt,512,-32,20,0.9,0.6989617935882066,0.9721341060158468
Qwen/Qwen2.5-3B-Instruct,full_prompt,512,0,20,1.0,0.8388698745050668,0.9999999999999999
Qwen/Qwen2.5-3B-Instruct,full_prompt,512,32,20,1.0,0.8388698745050668,0.9999999999999999
Qwen/Qwen2.5-3B-Instruct,full_prompt,512,64,20,0.95,0.7638641064874331,0.9911187805671268
Qwen/Qwen2.5-3B-Instruct,full_prompt,512,128,20,0.95,0.7638641064874331,0.9911187805671268
Qwen/Qwen2.5-3B-Instruct,full_prompt,512,256,20,1.0,0.8388698745050668,0.9999999999999999
Qwen/Qwen2.5-3B-Instruct,full_prompt,768,-32,20,0.95,0.7638641064874331,0.9911187805671268
Qwen/Qwen2.5-3B-Instruct,full_prompt,768,0,20,1.0,0.8388698745050668,0.9999999999999999
Qwen/Qwen2.5-3B-Instruct,full_prompt,768,32,20,0.95,0.7638641064874331,0.9911187805671268
Qwen/Qwen2.5-3B-Instruct,full_prompt,768,64,20,0.9,0.6989617935882066,0.9721341060158468
Qwen/Qwen2.5-3B-Instruct,full_prompt,768,128,20,0.9,0.6989617935882066,0.9721341060158468
Qwen/Qwen2.5-3B-Instruct,full_prompt,768,256,20,1.0,0.8388698745050668,0.9999999999999999
Qwen/Qwen2.5-3B-Instruct,full_prompt,1024,-32,20,0.95,0.7638641064874331,0.9911187805671268
Qwen/Qwen2.5-3B-Instruct,full_prompt,1024,0,20,0.9,0.6989617935882066,0.9721341060158468
Qwen/Qwen2.5-3B-Instruct,full_prompt,1024,32,20,1.0,0.8388698745050668,0.9999999999999999
Qwen/Qwen2.5-3B-Instruct,full_prompt,1024,64,20,0.9,0.6989617935882066,0.9721341060158468
Qwen/Qwen2.5-3B-Instruct,full_prompt,1024,128,20,0.95,0.7638641064874331,0.9911187805671268
Qwen/Qwen2.5-3B-Instruct,full_prompt,1024,256,20,1.0,0.8388698745050668,0.9999999999999999
Qwen/Qwen2.5-3B-Instruct,last_window,32,-32,20,0.4,0.21880396741419272,0.613422057684794
Qwen/Qwen2.5-3B-Instruct,last_window,32,0,20,0.3,0.14547527396899385,0.5189767762289793
Qwen/Qwen2.5-3B-Instruct,last_window,32,32,20,0.45,0.25819502085709295,0.6579179916924003
Qwen/Qwen2.5-3B-Instruct,last_window,32,64,20,0.3,0.14547527396899385,0.5189767762289793
Qwen/Qwen2.5-3B-Instruct,last_window,32,128,20,0.1,0.027865893984153206,0.30103820641179335
Qwen/Qwen2.5-3B-Instruct,last_window,32,256,20,0.35,0.18118954786794464,0.5671494897805354
Qwen/Qwen2.5-3B-Instruct,last_window,64,-32,20,0.5,0.2992949144298199,0.7007050855701801
Qwen/Qwen2.5-3B-Instruct,last_window,64,0,20,0.35,0.18118954786794464,0.5671494897805354
Qwen/Qwen2.5-3B-Instruct,last_window,64,32,20,0.15,0.05236779195949584,0.36042329588695743
Qwen/Qwen2.5-3B-Instruct,last_window,64,64,20,0.3,0.14547527396899385,0.5189767762289793
Qwen/Qwen2.5-3B-Instruct,last_window,64,128,20,0.25,0.11186005278940309,0.4687050099580636
Qwen/Qwen2.5-3B-Instruct,last_window,64,256,20,0.25,0.11186005278940309,0.4687050099580636
Qwen/Qwen2.5-3B-Instruct,last_window,128,-32,20,0.3,0.14547527396899385,0.5189767762289793
Qwen/Qwen2.5-3B-Instruct,last_window,128,0,20,0.55,0.3420820083075997,0.7418049791429071
Qwen/Qwen2.5-3B-Instruct,last_window,128,32,20,0.2,0.0806563532712,0.41602172202575993
Qwen/Qwen2.5-3B-Instruct,last_window,128,64,20,0.15,0.05236779195949584,0.36042329588695743
Qwen/Qwen2.5-3B-Instruct,last_window,128,128,20,0.15,0.05236779195949584,0.36042329588695743
Qwen/Qwen2.5-3B-Instruct,last_window,128,256,20,0.3,0.14547527396899385,0.5189767762289793
Qwen/Qwen2.5-3B-Instruct,last_window,256,-32,20,0.45,0.25819502085709295,0.6579179916924003
Qwen/Qwen2.5-3B-Instruct,last_window,256,0,20,0.4,0.21880396741419272,0.613422057684794
Qwen/Qwen2.5-3B-Instruct,last_window,256,32,20,0.25,0.11186005278940309,0.4687050099580636
Qwen/Qwen2.5-3B-Instruct,last_window,256,64,20,0.25,0.11186005278940309,0.4687050099580636
Qwen/Qwen2.5-3B-Instruct,last_window,256,128,20,0.2,0.0806563532712,0.41602172202575993
Qwen/Qwen2.5-3B-Instruct,last_window,256,256,20,0.35,0.18118954786794464,0.5671494897805354
Qwen/Qwen2.5-3B-Instruct,last_window,512,-32,20,0.3,0.14547527396899385,0.5189767762289793
Qwen/Qwen2.5-3B-Instruct,last_window,512,0,20,0.45,0.25819502085709295,0.6579179916924003
Qwen/Qwen2.5-3B-Instruct,last_window,512,32,20,0.3,0.14547527396899385,0.5189767762289793
Qwen/Qwen2.5-3B-Instruct,last_window,512,64,20,0.2,0.0806563532712,0.41602172202575993
Qwen/Qwen2.5-3B-Instruct,last_window,512,128,20,0.25,0.11186005278940309,0.4687050099580636
Qwen/Qwen2.5-3B-Instruct,last_window,512,256,20,0.1,0.027865893984153206,0.30103820641179335
Qwen/Qwen2.5-3B-Instruct,last_window,768,-32,20,0.2,0.0806563532712,0.41602172202575993
Qwen/Qwen2.5-3B-Instruct,last_window,768,0,20,0.25,0.11186005278940309,0.4687050099580636
Qwen/Qwen2.5-3B-Instruct,last_window,768,32,20,0.1,0.027865893984153206,0.30103820641179335
Qwen/Qwen2.5-3B-Instruct,last_window,768,64,20,0.15,0.05236779195949584,0.36042329588695743
Qwen/Qwen2.5-3B-Instruct,last_window,768,128,20,0.15,0.05236779195949584,0.36042329588695743
Qwen/Qwen2.5-3B-Instruct,last_window,768,256,20,0.25,0.11186005278940309,0.4687050099580636
Qwen/Qwen2.5-3B-Instruct,last_window,1024,-32,20,0.55,0.3420820083075997,0.7418049791429071
Qwen/Qwen2.5-3B-Instruct,last_window,1024,0,20,0.2,0.0806563532712,0.41602172202575993
Qwen/Qwen2.5-3B-Instruct,last_window,1024,32,20,0.5,0.2992949144298199,0.7007050855701801
Qwen/Qwen2.5-3B-Instruct,last_window,1024,64,20,0.35,0.18118954786794464,0.5671494897805354
Qwen/Qwen2.5-3B-Instruct,last_window,1024,128,20,0.25,0.11186005278940309,0.4687050099580636
Qwen/Qwen2.5-3B-Instruct,last_window,1024,256,20,0.25,0.11186005278940309,0.4687050099580636
Qwen/Qwen2.5-3B-Instruct,rolling_kv,32,-32,100,0.4,0.3093997461136028,0.4979992153815976
Qwen/Qwen2.5-3B-Instruct,rolling_kv,32,0,100,0.77,0.6784543514317231,0.841568452531236
Qwen/Qwen2.5-3B-Instruct,rolling_kv,32,32,100,0.32,0.2366901081545688,0.4166280225367919
Qwen/Qwen2.5-3B-Instruct,rolling_kv,32,64,100,0.28,0.2013955916759837,0.37488212361345724
Qwen/Qwen2.5-3B-Instruct,rolling_kv,32,128,100,0.23,0.15843154746876406,0.32154564856827694
Qwen/Qwen2.5-3B-Instruct,rolling_kv,32,256,100,0.25,0.1754509400372426,0.3430464637007583
Qwen/Qwen2.5-3B-Instruct,rolling_kv,64,-32,100,0.52,0.4231640509017654,0.6153561567991945
Qwen/Qwen2.5-3B-Instruct,rolling_kv,64,0,100,0.66,0.5627754565831095,0.74538620502457
Qwen/Qwen2.5-3B-Instruct,rolling_kv,64,32,100,0.23,0.15843154746876406,0.32154564856827694
Qwen/Qwen2.5-3B-Instruct,rolling_kv,64,64,100,0.32,0.2366901081545688,0.4166280225367919
Qwen/Qwen2.5-3B-Instruct,rolling_kv,64,128,100,0.25,0.1754509400372426,0.3430464637007583
Qwen/Qwen2.5-3B-Instruct,rolling_kv,64,256,100,0.27,0.1926946091766482,0.3643230022623127
Qwen/Qwen2.5-3B-Instruct,rolling_kv,128,-32,100,0.42,0.32798224918511304,0.5179369200110473
Qwen/Qwen2.5-3B-Instruct,rolling_kv,128,0,100,0.32,0.2366901081545688,0.4166280225367919
Qwen/Qwen2.5-3B-Instruct,rolling_kv,128,32,100,0.2,0.1333659225590988,0.28883096192650237
Qwen/Qwen2.5-3B-Instruct,rolling_kv,128,64,100,0.25,0.1754509400372426,0.3430464637007583
Qwen/Qwen2.5-3B-Instruct,rolling_kv,128,128,100,0.24,0.16691211265459965,0.3323251872329213
Qwen/Qwen2.5-3B-Instruct,rolling_kv,128,256,100,0.31,0.22779563206132378,0.40626239477955695
Qwen/Qwen2.5-3B-Instruct,rolling_kv,256,-32,100,0.66,0.5627754565831095,0.74538620502457
Qwen/Qwen2.5-3B-Instruct,rolling_kv,256,0,100,0.6,0.5020007846184025,0.6906002538863971
Qwen/Qwen2.5-3B-Instruct,rolling_kv,256,32,100,0.24,0.16691211265459965,0.3323251872329213
Qwen/Qwen2.5-3B-Instruct,rolling_kv,256,64,100,0.21,0.14165549531645788,0.2998014930196232
Qwen/Qwen2.5-3B-Instruct,rolling_kv,256,128,100,0.23,0.15843154746876406,0.32154564856827694
Qwen/Qwen2.5-3B-Instruct,rolling_kv,256,256,100,0.27,0.1926946091766482,0.3643230022623127
Qwen/Qwen2.5-3B-Instruct,rolling_kv,512,-32,100,0.26,0.18404578126986462,0.35371172631861636
Qwen/Qwen2.5-3B-Instruct,rolling_kv,512,0,100,0.37,0.28182212569509163,0.46779652424866885
Qwen/Qwen2.5-3B-Instruct,rolling_kv,512,32,100,0.24,0.16691211265459965,0.3323251872329213
Qwen/Qwen2.5-3B-Instruct,rolling_kv,512,64,100,0.25,0.1754509400372426,0.3430464637007583
Qwen/Qwen2.5-3B-Instruct,rolling_kv,512,128,100,0.34,0.25461379497543,0.43722454341689065
Qwen/Qwen2.5-3B-Instruct,rolling_kv,512,256,100,0.31,0.22779563206132378,0.40626239477955695
Qwen/Qwen2.5-3B-Instruct,rolling_kv,768,-32,100,0.28,0.2013955916759837,0.37488212361345724
Qwen/Qwen2.5-3B-Instruct,rolling_kv,768,0,100,0.37,0.28182212569509163,0.46779652424866885
Qwen/Qwen2.5-3B-Instruct,rolling_kv,768,32,100,0.29,0.21014706973984146,0.38539074940007934
Qwen/Qwen2.5-3B-Instruct,rolling_kv,768,64,100,0.29,0.21014706973984146,0.38539074940007934
Qwen/Qwen2.5-3B-Instruct,rolling_kv,768,128,100,0.26,0.18404578126986462,0.35371172631861636
Qwen/Qwen2.5-3B-Instruct,rolling_kv,768,256,100,0.19,0.1251465399270426,0.27779024070807856
Qwen/Qwen2.5-3B-Instruct,rolling_kv,1024,-32,100,0.36,0.2727107459049014,0.45764780018837914
Qwen/Qwen2.5-3B-Instruct,rolling_kv,1024,0,100,0.5,0.40382982859014716,0.5961701714098528
Qwen/Qwen2.5-3B-Instruct,rolling_kv,1024,32,100,0.28,0.2013955916759837,0.37488212361345724
Qwen/Qwen2.5-3B-Instruct,rolling_kv,1024,64,100,0.33,0.24562983793895452,0.4269483966028862
Qwen/Qwen2.5-3B-Instruct,rolling_kv,1024,128,100,0.26,0.18404578126986462,0.35371172631861636
Qwen/Qwen2.5-3B-Instruct,rolling_kv,1024,256,100,0.29,0.21014706973984146,0.38539074940007934
meta-llama/Meta-Llama-3.1-8B-Instruct,full_prompt,32,-32,20,1.0,0.8388698745050668,0.9999999999999999
meta-llama/Meta-Llama-3.1-8B-Instruct,full_prompt,32,0,20,1.0,0.8388698745050668,0.9999999999999999
meta-llama/Meta-Llama-3.1-8B-Instruct,full_prompt,32,32,20,1.0,0.8388698745050668,0.9999999999999999
meta-llama/Meta-Llama-3.1-8B-Instruct,full_prompt,32,64,20,1.0,0.8388698745050668,0.9999999999999999
meta-llama/Meta-Llama-3.1-8B-Instruct,full_prompt,32,128,20,1.0,0.8388698745050668,0.9999999999999999
meta-llama/Meta-Llama-3.1-8B-Instruct,full_prompt,32,256,20,1.0,0.8388698745050668,0.9999999999999999
meta-llama/Meta-Llama-3.1-8B-Instruct,full_prompt,64,-32,20,1.0,0.8388698745050668,0.9999999999999999
meta-llama/Meta-Llama-3.1-8B-Instruct,full_prompt,64,0,20,1.0,0.8388698745050668,0.9999999999999999
meta-llama/Meta-Llama-3.1-8B-Instruct,full_prompt,64,32,20,1.0,0.8388698745050668,0.9999999999999999
meta-llama/Meta-Llama-3.1-8B-Instruct,full_prompt,64,64,20,1.0,0.8388698745050668,0.9999999999999999
meta-llama/Meta-Llama-3.1-8B-Instruct,full_prompt,64,128,20,1.0,0.8388698745050668,0.9999999999999999
meta-llama/Meta-Llama-3.1-8B-Instruct,full_prompt,64,256,20,1.0,0.8388698745050668,0.9999999999999999
meta-llama/Meta-Llama-3.1-8B-Instruct,full_prompt,128,-32,20,1.0,0.8388698745050668,0.9999999999999999
meta-llama/Meta-Llama-3.1-8B-Instruct,full_prompt,128,0,20,1.0,0.8388698745050668,0.9999999999999999
meta-llama/Meta-Llama-3.1-8B-Instruct,full_prompt,128,32,20,1.0,0.8388698745050668,0.9999999999999999
meta-llama/Meta-Llama-3.1-8B-Instruct,full_prompt,128,64,20,0.95,0.7638641064874331,0.9911187805671268
meta-llama/Meta-Llama-3.1-8B-Instruct,full_prompt,128,128,20,1.0,0.8388698745050668,0.9999999999999999
meta-llama/Meta-Llama-3.1-8B-Instruct,full_prompt,128,256,20,1.0,0.8388698745050668,0.9999999999999999
meta-llama/Meta-Llama-3.1-8B-Instruct,full_prompt,256,-32,20,1.0,0.8388698745050668,0.9999999999999999
meta-llama/Meta-Llama-3.1-8B-Instruct,full_prompt,256,0,20,1.0,0.8388698745050668,0.9999999999999999
meta-llama/Meta-Llama-3.1-8B-Instruct,full_prompt,256,32,20,1.0,0.8388698745050668,0.9999999999999999
meta-llama/Meta-Llama-3.1-8B-Instruct,full_prompt,256,64,20,1.0,0.8388698745050668,0.9999999999999999
meta-llama/Meta-Llama-3.1-8B-Instruct,full_prompt,256,128,20,1.0,0.8388698745050668,0.9999999999999999
meta-llama/Meta-Llama-3.1-8B-Instruct,full_prompt,256,256,20,1.0,0.8388698745050668,0.9999999999999999
meta-llama/Meta-Llama-3.1-8B-Instruct,full_prompt,512,-32,20,1.0,0.8388698745050668,0.9999999999999999
meta-llama/Meta-Llama-3.1-8B-Instruct,full_prompt,512,0,20,1.0,0.8388698745050668,0.9999999999999999
meta-llama/Meta-Llama-3.1-8B-Instruct,full_prompt,512,32,20,1.0,0.8388698745050668,0.9999999999999999
meta-llama/Meta-Llama-3.1-8B-Instruct,full_prompt,512,64,20,1.0,0.8388698745050668,0.9999999999999999
meta-llama/Meta-Llama-3.1-8B-Instruct,full_prompt,512,128,20,1.0,0.8388698745050668,0.9999999999999999
meta-llama/Meta-Llama-3.1-8B-Instruct,full_prompt,512,256,20,1.0,0.8388698745050668,0.9999999999999999
meta-llama/Meta-Llama-3.1-8B-Instruct,full_prompt,768,-32,20,1.0,0.8388698745050668,0.9999999999999999
meta-llama/Meta-Llama-3.1-8B-Instruct,full_prompt,768,0,20,1.0,0.8388698745050668,0.9999999999999999
meta-llama/Meta-Llama-3.1-8B-Instruct,full_prompt,768,32,20,1.0,0.8388698745050668,0.9999999999999999
meta-llama/Meta-Llama-3.1-8B-Instruct,full_prompt,768,64,20,0.95,0.7638641064874331,0.9911187805671268
meta-llama/Meta-Llama-3.1-8B-Instruct,full_prompt,768,128,20,1.0,0.8388698745050668,0.9999999999999999
meta-llama/Meta-Llama-3.1-8B-Instruct,full_prompt,768,256,20,1.0,0.8388698745050668,0.9999999999999999
meta-llama/Meta-Llama-3.1-8B-Instruct,full_prompt,1024,-32,20,1.0,0.8388698745050668,0.9999999999999999
meta-llama/Meta-Llama-3.1-8B-Instruct,full_prompt,1024,0,20,1.0,0.8388698745050668,0.9999999999999999
meta-llama/Meta-Llama-3.1-8B-Instruct,full_prompt,1024,32,20,1.0,0.8388698745050668,0.9999999999999999
meta-llama/Meta-Llama-3.1-8B-Instruct,full_prompt,1024,64,20,1.0,0.8388698745050668,0.9999999999999999
meta-llama/Meta-Llama-3.1-8B-Instruct,full_prompt,1024,128,20,1.0,0.8388698745050668,0.9999999999999999
meta-llama/Meta-Llama-3.1-8B-Instruct,full_prompt,1024,256,20,1.0,0.8388698745050668,0.9999999999999999
meta-llama/Meta-Llama-3.1-8B-Instruct,last_window,32,-32,20,0.8,0.5839782779742401,0.9193436467288
meta-llama/Meta-Llama-3.1-8B-Instruct,last_window,32,0,20,0.45,0.25819502085709295,0.6579179916924003
meta-llama/Meta-Llama-3.1-8B-Instruct,last_window,32,32,20,0.35,0.18118954786794464,0.5671494897805354
meta-llama/Meta-Llama-3.1-8B-Instruct,last_window,32,64,20,0.25,0.11186005278940309,0.4687050099580636
meta-llama/Meta-Llama-3.1-8B-Instruct,last_window,32,128,20,0.2,0.0806563532712,0.41602172202575993
meta-llama/Meta-Llama-3.1-8B-Instruct,last_window,32,256,20,0.35,0.18118954786794464,0.5671494897805354
meta-llama/Meta-Llama-3.1-8B-Instruct,last_window,64,-32,20,0.9,0.6989617935882066,0.9721341060158468
meta-llama/Meta-Llama-3.1-8B-Instruct,last_window,64,0,20,0.45,0.25819502085709295,0.6579179916924003
meta-llama/Meta-Llama-3.1-8B-Instruct,last_window,64,32,20,0.15,0.05236779195949584,0.36042329588695743
meta-llama/Meta-Llama-3.1-8B-Instruct,last_window,64,64,20,0.25,0.11186005278940309,0.4687050099580636
meta-llama/Meta-Llama-3.1-8B-Instruct,last_window,64,128,20,0.3,0.14547527396899385,0.5189767762289793
meta-llama/Meta-Llama-3.1-8B-Instruct,last_window,64,256,20,0.25,0.11186005278940309,0.4687050099580636
meta-llama/Meta-Llama-3.1-8B-Instruct,last_window,128,-32,20,0.9,0.6989617935882066,0.9721341060158468
meta-llama/Meta-Llama-3.1-8B-Instruct,last_window,128,0,20,0.25,0.11186005278940309,0.4687050099580636
meta-llama/Meta-Llama-3.1-8B-Instruct,last_window,128,32,20,0.35,0.18118954786794464,0.5671494897805354
meta-llama/Meta-Llama-3.1-8B-Instruct,last_window,128,64,20,0.2,0.0806563532712,0.41602172202575993
meta-llama/Meta-Llama-3.1-8B-Instruct,last_window,128,128,20,0.2,0.0806563532712,0.41602172202575993
meta-llama/Meta-Llama-3.1-8B-Instruct,last_window,128,256,20,0.4,0.21880396741419272,0.613422057684794
meta-llama/Meta-Llama-3.1-8B-Instruct,last_window,256,-32,20,0.8,0.5839782779742401,0.9193436467288
meta-llama/Meta-Llama-3.1-8B-Instruct,last_window,256,0,20,0.45,0.25819502085709295,0.6579179916924003
meta-llama/Meta-Llama-3.1-8B-Instruct,last_window,256,32,20,0.25,0.11186005278940309,0.4687050099580636
meta-llama/Meta-Llama-3.1-8B-Instruct,last_window,256,64,20,0.2,0.0806563532712,0.41602172202575993
meta-llama/Meta-Llama-3.1-8B-Instruct,last_window,256,128,20,0.2,0.0806563532712,0.41602172202575993
meta-llama/Meta-Llama-3.1-8B-Instruct,last_window,256,256,20,0.4,0.21880396741419272,0.613422057684794
meta-llama/Meta-Llama-3.1-8B-Instruct,last_window,512,-32,20,1.0,0.8388698745050668,0.9999999999999999
meta-llama/Meta-Llama-3.1-8B-Instruct,last_window,512,0,20,0.45,0.25819502085709295,0.6579179916924003
meta-llama/Meta-Llama-3.1-8B-Instruct,last_window,512,32,20,0.2,0.0806563532712,0.41602172202575993
meta-llama/Meta-Llama-3.1-8B-Instruct,last_window,512,64,20,0.25,0.11186005278940309,0.4687050099580636
meta-llama/Meta-Llama-3.1-8B-Instruct,last_window,512,128,20,0.3,0.14547527396899385,0.5189767762289793
meta-llama/Meta-Llama-3.1-8B-Instruct,last_window,512,256,20,0.15,0.05236779195949584,0.36042329588695743
meta-llama/Meta-Llama-3.1-8B-Instruct,last_window,768,-32,20,0.65,0.43285051021946463,0.8188104521320554
meta-llama/Meta-Llama-3.1-8B-Instruct,last_window,768,0,20,0.4,0.21880396741419272,0.613422057684794
meta-llama/Meta-Llama-3.1-8B-Instruct,last_window,768,32,20,0.2,0.0806563532712,0.41602172202575993
meta-llama/Meta-Llama-3.1-8B-Instruct,last_window,768,64,20,0.25,0.11186005278940309,0.4687050099580636
meta-llama/Meta-Llama-3.1-8B-Instruct,last_window,768,128,20,0.1,0.027865893984153206,0.30103820641179335
meta-llama/Meta-Llama-3.1-8B-Instruct,last_window,768,256,20,0.15,0.05236779195949584,0.36042329588695743
meta-llama/Meta-Llama-3.1-8B-Instruct,last_window,1024,-32,20,1.0,0.8388698745050668,0.9999999999999999
meta-llama/Meta-Llama-3.1-8B-Instruct,last_window,1024,0,20,0.2,0.0806563532712,0.41602172202575993
meta-llama/Meta-Llama-3.1-8B-Instruct,last_window,1024,32,20,0.25,0.11186005278940309,0.4687050099580636
meta-llama/Meta-Llama-3.1-8B-Instruct,last_window,1024,64,20,0.4,0.21880396741419272,0.613422057684794
meta-llama/Meta-Llama-3.1-8B-Instruct,last_window,1024,128,20,0.3,0.14547527396899385,0.5189767762289793
meta-llama/Meta-Llama-3.1-8B-Instruct,last_window,1024,256,20,0.35,0.18118954786794464,0.5671494897805354
meta-llama/Meta-Llama-3.1-8B-Instruct,rolling_kv,32,-32,100,1.0,0.9630051925239981,0.9999999999999999
meta-llama/Meta-Llama-3.1-8B-Instruct,rolling_kv,32,0,100,0.96,0.9016278276739262,0.984336949448152
meta-llama/Meta-Llama-3.1-8B-Instruct,rolling_kv,32,32,100,0.3,0.21894753866228117,0.39585038432811953
meta-llama/Meta-Llama-3.1-8B-Instruct,rolling_kv,32,64,100,0.28,0.2013955916759837,0.37488212361345724
meta-llama/Meta-Llama-3.1-8B-Instruct,rolling_kv,32,128,100,0.2,0.1333659225590988,0.28883096192650237
meta-llama/Meta-Llama-3.1-8B-Instruct,rolling_kv,32,256,100,0.29,0.21014706973984146,0.38539074940007934
meta-llama/Meta-Llama-3.1-8B-Instruct,rolling_kv,64,-32,100,1.0,0.9630051925239981,0.9999999999999999
meta-llama/Meta-Llama-3.1-8B-Instruct,rolling_kv,64,0,100,0.96,0.9016278276739262,0.984336949448152
meta-llama/Meta-Llama-3.1-8B-Instruct,rolling_kv,64,32,100,0.19,0.1251465399270426,0.27779024070807856
meta-llama/Meta-Llama-3.1-8B-Instruct,rolling_kv,64,64,100,0.26,0.18404578126986462,0.35371172631861636
meta-llama/Meta-Llama-3.1-8B-Instruct,rolling_kv,64,128,100,0.27,0.1926946091766482,0.3643230022623127
meta-llama/Meta-Llama-3.1-8B-Instruct,rolling_kv,64,256,100,0.19,0.1251465399270426,0.27779024070807856
meta-llama/Meta-Llama-3.1-8B-Instruct,rolling_kv,128,-32,100,0.98,0.9299868370580063,0.9944981477650318
meta-llama/Meta-Llama-3.1-8B-Instruct,rolling_kv,128,0,100,0.94,0.8752303146877748,0.9722142547333433
meta-llama/Meta-Llama-3.1-8B-Instruct,rolling_kv,128,32,100,0.27,0.1926946091766482,0.3643230022623127
meta-llama/Meta-Llama-3.1-8B-Instruct,rolling_kv,128,64,100,0.24,0.16691211265459965,0.3323251872329213
meta-llama/Meta-Llama-3.1-8B-Instruct,rolling_kv,128,128,100,0.22,0.15001174503655804,0.3107053471500031
meta-llama/Meta-Llama-3.1-8B-Instruct,rolling_kv,128,256,100,0.24,0.16691211265459965,0.3323251872329213
meta-llama/Meta-Llama-3.1-8B-Instruct,rolling_kv,256,-32,100,0.93,0.8625032899347026,0.9656811756359359
meta-llama/Meta-Llama-3.1-8B-Instruct,rolling_kv,256,0,100,0.93,0.8625032899347026,0.9656811756359359
meta-llama/Meta-Llama-3.1-8B-Instruct,rolling_kv,256,32,100,0.21,0.14165549531645788,0.2998014930196232
meta-llama/Meta-Llama-3.1-8B-Instruct,rolling_kv,256,64,100,0.28,0.2013955916759837,0.37488212361345724
meta-llama/Meta-Llama-3.1-8B-Instruct,rolling_kv,256,128,100,0.18,0.11700131654251038,0.26667536024213084
meta-llama/Meta-Llama-3.1-8B-Instruct,rolling_kv,256,256,100,0.31,0.22779563206132378,0.40626239477955695
meta-llama/Meta-Llama-3.1-8B-Instruct,rolling_kv,512,-32,100,0.28,0.2013955916759837,0.37488212361345724
meta-llama/Meta-Llama-3.1-8B-Instruct,rolling_kv,512,0,100,0.36,0.2727107459049014,0.45764780018837914
meta-llama/Meta-Llama-3.1-8B-Instruct,rolling_kv,512,32,100,0.2,0.1333659225590988,0.28883096192650237
meta-llama/Meta-Llama-3.1-8B-Instruct,rolling_kv,512,64,100,0.29,0.21014706973984146,0.38539074940007934
meta-llama/Meta-Llama-3.1-8B-Instruct,rolling_kv,512,128,100,0.31,0.22779563206132378,0.40626239477955695
meta-llama/Meta-Llama-3.1-8B-Instruct,rolling_kv,512,256,100,0.26,0.18404578126986462,0.35371172631861636
meta-llama/Meta-Llama-3.1-8B-Instruct,rolling_kv,768,-32,100,0.25,0.1754509400372426,0.3430464637007583
meta-llama/Meta-Llama-3.1-8B-Instruct,rolling_kv,768,0,100,0.23,0.15843154746876406,0.32154564856827694
meta-llama/Meta-Llama-3.1-8B-Instruct,rolling_kv,768,32,100,0.28,0.2013955916759837,0.37488212361345724
meta-llama/Meta-Llama-3.1-8B-Instruct,rolling_kv,768,64,100,0.32,0.2366901081545688,0.4166280225367919
meta-llama/Meta-Llama-3.1-8B-Instruct,rolling_kv,768,128,100,0.22,0.15001174503655804,0.3107053471500031
meta-llama/Meta-Llama-3.1-8B-Instruct,rolling_kv,768,256,100,0.2,0.1333659225590988,0.28883096192650237
meta-llama/Meta-Llama-3.1-8B-Instruct,rolling_kv,1024,-32,100,0.25,0.1754509400372426,0.3430464637007583
meta-llama/Meta-Llama-3.1-8B-Instruct,rolling_kv,1024,0,100,0.29,0.21014706973984146,0.38539074940007934
meta-llama/Meta-Llama-3.1-8B-Instruct,rolling_kv,1024,32,100,0.25,0.1754509400372426,0.3430464637007583
meta-llama/Meta-Llama-3.1-8B-Instruct,rolling_kv,1024,64,100,0.29,0.21014706973984146,0.38539074940007934
meta-llama/Meta-Llama-3.1-8B-Instruct,rolling_kv,1024,128,100,0.22,0.15001174503655804,0.3107053471500031
meta-llama/Meta-Llama-3.1-8B-Instruct,rolling_kv,1024,256,100,0.29,0.21014706973984146,0.38539074940007934
meta-models/Muse-Glimmer-30B,full_prompt,32,-32,20,0.95,0.7638641064874331,0.9911187805671268
meta-models/Muse-Glimmer-30B,full_prompt,32,0,20,1.0,0.8388698745050668,0.9999999999999999
meta-models/Muse-Glimmer-30B,full_prompt,32,32,20,1.0,0.8388698745050668,0.9999999999999999
meta-models/Muse-Glimmer-30B,full_prompt,32,64,20,1.0,0.8388698745050668,0.9999999999999999
meta-models/Muse-Glimmer-30B,full_prompt,32,128,20,1.0,0.8388698745050668,0.9999999999999999
meta-models/Muse-Glimmer-30B,full_prompt,32,256,20,1.0,0.8388698745050668,0.9999999999999999
meta-models/Muse-Glimmer-30B,full_prompt,64,-32,20,1.0,0.8388698745050668,0.9999999999999999
meta-models/Muse-Glimmer-30B,full_prompt,64,0,20,1.0,0.8388698745050668,0.9999999999999999
meta-models/Muse-Glimmer-30B,full_prompt,64,32,20,1.0,0.8388698745050668,0.9999999999999999
meta-models/Muse-Glimmer-30B,full_prompt,64,64,20,0.95,0.7638641064874331,0.9911187805671268
meta-models/Muse-Glimmer-30B,full_prompt,64,128,20,1.0,0.8388698745050668,0.9999999999999999
meta-models/Muse-Glimmer-30B,full_prompt,64,256,20,0.9,0.6989617935882066,0.9721341060158468
meta-models/Muse-Glimmer-30B,full_prompt,128,-32,20,1.0,0.8388698745050668,0.9999999999999999
meta-models/Muse-Glimmer-30B,full_prompt,128,0,20,1.0,0.8388698745050668,0.9999999999999999
meta-models/Muse-Glimmer-30B,full_prompt,128,32,20,1.0,0.8388698745050668,0.9999999999999999
meta-models/Muse-Glimmer-30B,full_prompt,128,64,20,1.0,0.8388698745050668,0.9999999999999999
meta-models/Muse-Glimmer-30B,full_prompt,128,128,20,1.0,0.8388698745050668,0.9999999999999999
meta-models/Muse-Glimmer-30B,full_prompt,128,256,20,1.0,0.8388698745050668,0.9999999999999999
meta-models/Muse-Glimmer-30B,full_prompt,256,-32,20,1.0,0.8388698745050668,0.9999999999999999
meta-models/Muse-Glimmer-30B,full_prompt,256,0,20,1.0,0.8388698745050668,0.9999999999999999
meta-models/Muse-Glimmer-30B,full_prompt,256,32,20,1.0,0.8388698745050668,0.9999999999999999
meta-models/Muse-Glimmer-30B,full_prompt,256,64,20,1.0,0.8388698745050668,0.9999999999999999
meta-models/Muse-Glimmer-30B,full_prompt,256,128,20,1.0,0.8388698745050668,0.9999999999999999
meta-models/Muse-Glimmer-30B,full_prompt,256,256,20,1.0,0.8388698745050668,0.9999999999999999
meta-models/Muse-Glimmer-30B,full_prompt,512,-32,20,1.0,0.8388698745050668,0.9999999999999999
meta-models/Muse-Glimmer-30B,full_prompt,512,0,20,1.0,0.8388698745050668,0.9999999999999999
meta-models/Muse-Glimmer-30B,full_prompt,512,32,20,1.0,0.8388698745050668,0.9999999999999999
meta-models/Muse-Glimmer-30B,full_prompt,512,64,20,1.0,0.8388698745050668,0.9999999999999999
meta-models/Muse-Glimmer-30B,full_prompt,512,128,20,1.0,0.8388698745050668,0.9999999999999999
meta-models/Muse-Glimmer-30B,full_prompt,512,256,20,1.0,0.8388698745050668,0.9999999999999999
meta-models/Muse-Glimmer-30B,full_prompt,768,-32,20,1.0,0.8388698745050668,0.9999999999999999
meta-models/Muse-Glimmer-30B,full_prompt,768,0,20,1.0,0.8388698745050668,0.9999999999999999
meta-models/Muse-Glimmer-30B,full_prompt,768,32,20,0.9,0.6989617935882066,0.9721341060158468
meta-models/Muse-Glimmer-30B,full_prompt,768,64,20,1.0,0.8388698745050668,0.9999999999999999
meta-models/Muse-Glimmer-30B,full_prompt,768,128,20,1.0,0.8388698745050668,0.9999999999999999
meta-models/Muse-Glimmer-30B,full_prompt,768,256,20,1.0,0.8388698745050668,0.9999999999999999
meta-models/Muse-Glimmer-30B,full_prompt,1024,-32,20,1.0,0.8388698745050668,0.9999999999999999
meta-models/Muse-Glimmer-30B,full_prompt,1024,0,20,1.0,0.8388698745050668,0.9999999999999999
meta-models/Muse-Glimmer-30B,full_prompt,1024,32,20,1.0,0.8388698745050668,0.9999999999999999
meta-models/Muse-Glimmer-30B,full_prompt,1024,64,20,1.0,0.8388698745050668,0.9999999999999999
meta-models/Muse-Glimmer-30B,full_prompt,1024,128,20,1.0,0.8388698745050668,0.9999999999999999
meta-models/Muse-Glimmer-30B,full_prompt,1024,256,20,1.0,0.8388698745050668,0.9999999999999999
meta-models/Muse-Glimmer-30B,last_window,32,-32,20,0.8,0.5839782779742401,0.9193436467288
meta-models/Muse-Glimmer-30B,last_window,32,0,20,0.4,0.21880396741419272,0.613422057684794
meta-models/Muse-Glimmer-30B,last_window,32,32,20,0.3,0.14547527396899385,0.5189767762289793
meta-models/Muse-Glimmer-30B,last_window,32,64,20,0.25,0.11186005278940309,0.4687050099580636
meta-models/Muse-Glimmer-30B,last_window,32,128,20,0.2,0.0806563532712,0.41602172202575993
meta-models/Muse-Glimmer-30B,last_window,32,256,20,0.35,0.18118954786794464,0.5671494897805354
meta-models/Muse-Glimmer-30B,last_window,64,-32,20,0.75,0.5312949900419365,0.888139947210597
meta-models/Muse-Glimmer-30B,last_window,64,0,20,0.7,0.4810232237710206,0.854524726031006
meta-models/Muse-Glimmer-30B,last_window,64,32,20,0.3,0.14547527396899385,0.5189767762289793
meta-models/Muse-Glimmer-30B,last_window,64,64,20,0.3,0.14547527396899385,0.5189767762289793
meta-models/Muse-Glimmer-30B,last_window,64,128,20,0.3,0.14547527396899385,0.5189767762289793
meta-models/Muse-Glimmer-30B,last_window,64,256,20,0.25,0.11186005278940309,0.4687050099580636
meta-models/Muse-Glimmer-30B,last_window,128,-32,20,0.8,0.5839782779742401,0.9193436467288
meta-models/Muse-Glimmer-30B,last_window,128,0,20,0.35,0.18118954786794464,0.5671494897805354
meta-models/Muse-Glimmer-30B,last_window,128,32,20,0.15,0.05236779195949584,0.36042329588695743
meta-models/Muse-Glimmer-30B,last_window,128,64,20,0.45,0.25819502085709295,0.6579179916924003
meta-models/Muse-Glimmer-30B,last_window,128,128,20,0.35,0.18118954786794464,0.5671494897805354
meta-models/Muse-Glimmer-30B,last_window,128,256,20,0.2,0.0806563532712,0.41602172202575993
meta-models/Muse-Glimmer-30B,last_window,256,-32,20,0.75,0.5312949900419365,0.888139947210597
meta-models/Muse-Glimmer-30B,last_window,256,0,20,0.7,0.4810232237710206,0.854524726031006
meta-models/Muse-Glimmer-30B,last_window,256,32,20,0.15,0.05236779195949584,0.36042329588695743
meta-models/Muse-Glimmer-30B,last_window,256,64,20,0.4,0.21880396741419272,0.613422057684794
meta-models/Muse-Glimmer-30B,last_window,256,128,20,0.25,0.11186005278940309,0.4687050099580636
meta-models/Muse-Glimmer-30B,last_window,256,256,20,0.35,0.18118954786794464,0.5671494897805354
meta-models/Muse-Glimmer-30B,last_window,512,-32,20,0.8,0.5839782779742401,0.9193436467288
meta-models/Muse-Glimmer-30B,last_window,512,0,20,0.55,0.3420820083075997,0.7418049791429071
meta-models/Muse-Glimmer-30B,last_window,512,32,20,0.25,0.11186005278940309,0.4687050099580636
meta-models/Muse-Glimmer-30B,last_window,512,64,20,0.35,0.18118954786794464,0.5671494897805354
meta-models/Muse-Glimmer-30B,last_window,512,128,20,0.35,0.18118954786794464,0.5671494897805354
meta-models/Muse-Glimmer-30B,last_window,512,256,20,0.2,0.0806563532712,0.41602172202575993
meta-models/Muse-Glimmer-30B,last_window,768,-32,20,0.65,0.43285051021946463,0.8188104521320554
meta-models/Muse-Glimmer-30B,last_window,768,0,20,0.35,0.18118954786794464,0.5671494897805354
meta-models/Muse-Glimmer-30B,last_window,768,32,20,0.2,0.0806563532712,0.41602172202575993
meta-models/Muse-Glimmer-30B,last_window,768,64,20,0.3,0.14547527396899385,0.5189767762289793
meta-models/Muse-Glimmer-30B,last_window,768,128,20,0.3,0.14547527396899385,0.5189767762289793
meta-models/Muse-Glimmer-30B,last_window,768,256,20,0.25,0.11186005278940309,0.4687050099580636
meta-models/Muse-Glimmer-30B,last_window,1024,-32,20,0.85,0.6395767041130426,0.9476322080405041
meta-models/Muse-Glimmer-30B,last_window,1024,0,20,0.65,0.43285051021946463,0.8188104521320554
meta-models/Muse-Glimmer-30B,last_window,1024,32,20,0.15,0.05236779195949584,0.36042329588695743
meta-models/Muse-Glimmer-30B,last_window,1024,64,20,0.05,0.008881219432873136,0.23613589351256675
meta-models/Muse-Glimmer-30B,last_window,1024,128,20,0.35,0.18118954786794464,0.5671494897805354
meta-models/Muse-Glimmer-30B,last_window,1024,256,20,0.45,0.25819502085709295,0.6579179916924003
meta-models/Muse-Glimmer-30B,rolling_kv,32,-32,100,0.99,0.9455124752390653,0.9982326134344526
meta-models/Muse-Glimmer-30B,rolling_kv,32,0,100,1.0,0.9630051925239981,0.9999999999999999
meta-models/Muse-Glimmer-30B,rolling_kv,32,32,100,0.98,0.9299868370580063,0.9944981477650318
meta-models/Muse-Glimmer-30B,rolling_kv,32,64,100,0.98,0.9299868370580063,0.9944981477650318
meta-models/Muse-Glimmer-30B,rolling_kv,32,128,100,1.0,0.9630051925239981,0.9999999999999999
meta-models/Muse-Glimmer-30B,rolling_kv,32,256,100,0.86,0.7786263961619276,0.914737342455351
meta-models/Muse-Glimmer-30B,rolling_kv,64,-32,100,1.0,0.9630051925239981,0.9999999999999999
meta-models/Muse-Glimmer-30B,rolling_kv,64,0,100,1.0,0.9630051925239981,0.9999999999999999
meta-models/Muse-Glimmer-30B,rolling_kv,64,32,100,0.97,0.915479219195973,0.9897456617765851
meta-models/Muse-Glimmer-30B,rolling_kv,64,64,100,0.97,0.915479219195973,0.9897456617765851
meta-models/Muse-Glimmer-30B,rolling_kv,64,128,100,0.98,0.9299868370580063,0.9944981477650318
meta-models/Muse-Glimmer-30B,rolling_kv,64,256,100,0.82,0.7333246397578691,0.8829986834574896
meta-models/Muse-Glimmer-30B,rolling_kv,128,-32,100,1.0,0.9630051925239981,0.9999999999999999
meta-models/Muse-Glimmer-30B,rolling_kv,128,0,100,1.0,0.9630051925239981,0.9999999999999999
meta-models/Muse-Glimmer-30B,rolling_kv,128,32,100,0.95,0.8882480347279118,0.9784566385436864
meta-models/Muse-Glimmer-30B,rolling_kv,128,64,100,1.0,0.9630051925239981,0.9999999999999999
meta-models/Muse-Glimmer-30B,rolling_kv,128,128,100,0.98,0.9299868370580063,0.9944981477650318
meta-models/Muse-Glimmer-30B,rolling_kv,128,256,100,0.88,0.8018773199709163,0.9300066263473222
meta-models/Muse-Glimmer-30B,rolling_kv,256,-32,100,1.0,0.9630051925239981,0.9999999999999999
meta-models/Muse-Glimmer-30B,rolling_kv,256,0,100,1.0,0.9630051925239981,0.9999999999999999
meta-models/Muse-Glimmer-30B,rolling_kv,256,32,100,0.97,0.915479219195973,0.9897456617765851
meta-models/Muse-Glimmer-30B,rolling_kv,256,64,100,1.0,0.9630051925239981,0.9999999999999999
meta-models/Muse-Glimmer-30B,rolling_kv,256,128,100,1.0,0.9630051925239981,0.9999999999999999
meta-models/Muse-Glimmer-30B,rolling_kv,256,256,100,0.93,0.8625032899347026,0.9656811756359359
meta-models/Muse-Glimmer-30B,rolling_kv,512,-32,100,1.0,0.9630051925239981,0.9999999999999999
meta-models/Muse-Glimmer-30B,rolling_kv,512,0,100,0.99,0.9455124752390653,0.9982326134344526
meta-models/Muse-Glimmer-30B,rolling_kv,512,32,100,0.62,0.5220957382071033,0.7090255079986562
meta-models/Muse-Glimmer-30B,rolling_kv,512,64,100,0.7,0.6041496156718804,0.7810524613377188
meta-models/Muse-Glimmer-30B,rolling_kv,512,128,100,0.65,0.5525426042919797,0.7363589534652197
meta-models/Muse-Glimmer-30B,rolling_kv,512,256,100,0.6,0.5020007846184025,0.6906002538863971
meta-models/Muse-Glimmer-30B,rolling_kv,768,-32,100,0.99,0.9455124752390653,0.9982326134344526
meta-models/Muse-Glimmer-30B,rolling_kv,768,0,100,1.0,0.9630051925239981,0.9999999999999999
meta-models/Muse-Glimmer-30B,rolling_kv,768,32,100,0.7,0.6041496156718804,0.7810524613377188
meta-models/Muse-Glimmer-30B,rolling_kv,768,64,100,0.59,0.4920125056109662,0.6813284290433533
meta-models/Muse-Glimmer-30B,rolling_kv,768,128,100,0.67,0.5730516033971139,0.7543701620610456
meta-models/Muse-Glimmer-30B,rolling_kv,768,256,100,0.41,0.31867157095664655,0.5079874943890338
meta-models/Muse-Glimmer-30B,rolling_kv,1024,-32,100,0.99,0.9455124752390653,0.9982326134344526
meta-models/Muse-Glimmer-30B,rolling_kv,1024,0,100,1.0,0.9630051925239981,0.9999999999999999
meta-models/Muse-Glimmer-30B,rolling_kv,1024,32,100,0.75,0.6569535362992417,0.8245490599627573
meta-models/Muse-Glimmer-30B,rolling_kv,1024,64,100,0.71,0.6146092505999207,0.7898529302601586
meta-models/Muse-Glimmer-30B,rolling_kv,1024,128,100,0.63,0.5322034757513312,0.7181778743049083
meta-models/Muse-Glimmer-30B,rolling_kv,1024,256,100,0.52,0.4231640509017654,0.6153561567991945
mistralai/Mistral-7B-Instruct-v0.1,full_prompt,32,-32,20,1.0,0.8388698745050668,0.9999999999999999
mistralai/Mistral-7B-Instruct-v0.1,full_prompt,32,0,20,1.0,0.8388698745050668,0.9999999999999999
mistralai/Mistral-7B-Instruct-v0.1,full_prompt,32,32,20,1.0,0.8388698745050668,0.9999999999999999
mistralai/Mistral-7B-Instruct-v0.1,full_prompt,32,64,20,1.0,0.8388698745050668,0.9999999999999999
mistralai/Mistral-7B-Instruct-v0.1,full_prompt,32,128,20,1.0,0.8388698745050668,0.9999999999999999
mistralai/Mistral-7B-Instruct-v0.1,full_prompt,32,256,20,1.0,0.8388698745050668,0.9999999999999999
mistralai/Mistral-7B-Instruct-v0.1,full_prompt,64,-32,20,1.0,0.8388698745050668,0.9999999999999999
mistralai/Mistral-7B-Instruct-v0.1,full_prompt,64,0,20,1.0,0.8388698745050668,0.9999999999999999
mistralai/Mistral-7B-Instruct-v0.1,full_prompt,64,32,20,1.0,0.8388698745050668,0.9999999999999999
mistralai/Mistral-7B-Instruct-v0.1,full_prompt,64,64,20,1.0,0.8388698745050668,0.9999999999999999
mistralai/Mistral-7B-Instruct-v0.1,full_prompt,64,128,20,1.0,0.8388698745050668,0.9999999999999999
mistralai/Mistral-7B-Instruct-v0.1,full_prompt,64,256,20,1.0,0.8388698745050668,0.9999999999999999
mistralai/Mistral-7B-Instruct-v0.1,full_prompt,128,-32,20,1.0,0.8388698745050668,0.9999999999999999
mistralai/Mistral-7B-Instruct-v0.1,full_prompt,128,0,20,1.0,0.8388698745050668,0.9999999999999999
mistralai/Mistral-7B-Instruct-v0.1,full_prompt,128,32,20,1.0,0.8388698745050668,0.9999999999999999
mistralai/Mistral-7B-Instruct-v0.1,full_prompt,128,64,20,0.95,0.7638641064874331,0.9911187805671268
mistralai/Mistral-7B-Instruct-v0.1,full_prompt,128,128,20,1.0,0.8388698745050668,0.9999999999999999
mistralai/Mistral-7B-Instruct-v0.1,full_prompt,128,256,20,1.0,0.8388698745050668,0.9999999999999999
mistralai/Mistral-7B-Instruct-v0.1,full_prompt,256,-32,20,1.0,0.8388698745050668,0.9999999999999999
mistralai/Mistral-7B-Instruct-v0.1,full_prompt,256,0,20,1.0,0.8388698745050668,0.9999999999999999
mistralai/Mistral-7B-Instruct-v0.1,full_prompt,256,32,20,1.0,0.8388698745050668,0.9999999999999999
mistralai/Mistral-7B-Instruct-v0.1,full_prompt,256,64,20,1.0,0.8388698745050668,0.9999999999999999
mistralai/Mistral-7B-Instruct-v0.1,full_prompt,256,128,20,1.0,0.8388698745050668,0.9999999999999999
mistralai/Mistral-7B-Instruct-v0.1,full_prompt,256,256,20,1.0,0.8388698745050668,0.9999999999999999
mistralai/Mistral-7B-Instruct-v0.1,full_prompt,512,-32,20,1.0,0.8388698745050668,0.9999999999999999
mistralai/Mistral-7B-Instruct-v0.1,full_prompt,512,0,20,1.0,0.8388698745050668,0.9999999999999999
mistralai/Mistral-7B-Instruct-v0.1,full_prompt,512,32,20,1.0,0.8388698745050668,0.9999999999999999
mistralai/Mistral-7B-Instruct-v0.1,full_prompt,512,64,20,1.0,0.8388698745050668,0.9999999999999999
mistralai/Mistral-7B-Instruct-v0.1,full_prompt,512,128,20,1.0,0.8388698745050668,0.9999999999999999
mistralai/Mistral-7B-Instruct-v0.1,full_prompt,512,256,20,1.0,0.8388698745050668,0.9999999999999999
mistralai/Mistral-7B-Instruct-v0.1,full_prompt,768,-32,20,1.0,0.8388698745050668,0.9999999999999999
mistralai/Mistral-7B-Instruct-v0.1,full_prompt,768,0,20,1.0,0.8388698745050668,0.9999999999999999
mistralai/Mistral-7B-Instruct-v0.1,full_prompt,768,32,20,1.0,0.8388698745050668,0.9999999999999999
mistralai/Mistral-7B-Instruct-v0.1,full_prompt,768,64,20,1.0,0.8388698745050668,0.9999999999999999
mistralai/Mistral-7B-Instruct-v0.1,full_prompt,768,128,20,1.0,0.8388698745050668,0.9999999999999999
mistralai/Mistral-7B-Instruct-v0.1,full_prompt,768,256,20,1.0,0.8388698745050668,0.9999999999999999
mistralai/Mistral-7B-Instruct-v0.1,full_prompt,1024,-32,20,1.0,0.8388698745050668,0.9999999999999999
mistralai/Mistral-7B-Instruct-v0.1,full_prompt,1024,0,20,0.95,0.7638641064874331,0.9911187805671268
mistralai/Mistral-7B-Instruct-v0.1,full_prompt,1024,32,20,1.0,0.8388698745050668,0.9999999999999999
mistralai/Mistral-7B-Instruct-v0.1,full_prompt,1024,64,20,1.0,0.8388698745050668,0.9999999999999999
mistralai/Mistral-7B-Instruct-v0.1,full_prompt,1024,128,20,1.0,0.8388698745050668,0.9999999999999999
mistralai/Mistral-7B-Instruct-v0.1,full_prompt,1024,256,20,1.0,0.8388698745050668,0.9999999999999999
mistralai/Mistral-7B-Instruct-v0.1,last_window,32,-32,20,0.95,0.7638641064874331,0.9911187805671268
mistralai/Mistral-7B-Instruct-v0.1,last_window,32,0,20,0.3,0.14547527396899385,0.5189767762289793
mistralai/Mistral-7B-Instruct-v0.1,last_window,32,32,20,0.35,0.18118954786794464,0.5671494897805354
mistralai/Mistral-7B-Instruct-v0.1,last_window,32,64,20,0.2,0.0806563532712,0.41602172202575993
mistralai/Mistral-7B-Instruct-v0.1,last_window,32,128,20,0.35,0.18118954786794464,0.5671494897805354
mistralai/Mistral-7B-Instruct-v0.1,last_window,32,256,20,0.45,0.25819502085709295,0.6579179916924003
mistralai/Mistral-7B-Instruct-v0.1,last_window,64,-32,20,1.0,0.8388698745050668,0.9999999999999999
mistralai/Mistral-7B-Instruct-v0.1,last_window,64,0,20,0.45,0.25819502085709295,0.6579179916924003
mistralai/Mistral-7B-Instruct-v0.1,last_window,64,32,20,0.1,0.027865893984153206,0.30103820641179335
mistralai/Mistral-7B-Instruct-v0.1,last_window,64,64,20,0.15,0.05236779195949584,0.36042329588695743
mistralai/Mistral-7B-Instruct-v0.1,last_window,64,128,20,0.15,0.05236779195949584,0.36042329588695743
mistralai/Mistral-7B-Instruct-v0.1,last_window,64,256,20,0.15,0.05236779195949584,0.36042329588695743
mistralai/Mistral-7B-Instruct-v0.1,last_window,128,-32,20,0.95,0.7638641064874331,0.9911187805671268
mistralai/Mistral-7B-Instruct-v0.1,last_window,128,0,20,0.3,0.14547527396899385,0.5189767762289793
mistralai/Mistral-7B-Instruct-v0.1,last_window,128,32,20,0.3,0.14547527396899385,0.5189767762289793
mistralai/Mistral-7B-Instruct-v0.1,last_window,128,64,20,0.15,0.05236779195949584,0.36042329588695743
mistralai/Mistral-7B-Instruct-v0.1,last_window,128,128,20,0.25,0.11186005278940309,0.4687050099580636
mistralai/Mistral-7B-Instruct-v0.1,last_window,128,256,20,0.3,0.14547527396899385,0.5189767762289793
mistralai/Mistral-7B-Instruct-v0.1,last_window,256,-32,20,1.0,0.8388698745050668,0.9999999999999999
mistralai/Mistral-7B-Instruct-v0.1,last_window,256,0,20,0.15,0.05236779195949584,0.36042329588695743
mistralai/Mistral-7B-Instruct-v0.1,last_window,256,32,20,0.1,0.027865893984153206,0.30103820641179335
mistralai/Mistral-7B-Instruct-v0.1,last_window,256,64,20,0.3,0.14547527396899385,0.5189767762289793
mistralai/Mistral-7B-Instruct-v0.1,last_window,256,128,20,0.15,0.05236779195949584,0.36042329588695743
mistralai/Mistral-7B-Instruct-v0.1,last_window,256,256,20,0.4,0.21880396741419272,0.613422057684794
mistralai/Mistral-7B-Instruct-v0.1,last_window,512,-32,20,0.8,0.5839782779742401,0.9193436467288
mistralai/Mistral-7B-Instruct-v0.1,last_window,512,0,20,0.25,0.11186005278940309,0.4687050099580636
mistralai/Mistral-7B-Instruct-v0.1,last_window,512,32,20,0.35,0.18118954786794464,0.5671494897805354
mistralai/Mistral-7B-Instruct-v0.1,last_window,512,64,20,0.25,0.11186005278940309,0.4687050099580636
mistralai/Mistral-7B-Instruct-v0.1,last_window,512,128,20,0.2,0.0806563532712,0.41602172202575993
mistralai/Mistral-7B-Instruct-v0.1,last_window,512,256,20,0.25,0.11186005278940309,0.4687050099580636
mistralai/Mistral-7B-Instruct-v0.1,last_window,768,-32,20,0.85,0.6395767041130426,0.9476322080405041
mistralai/Mistral-7B-Instruct-v0.1,last_window,768,0,20,0.35,0.18118954786794464,0.5671494897805354
mistralai/Mistral-7B-Instruct-v0.1,last_window,768,32,20,0.15,0.05236779195949584,0.36042329588695743
mistralai/Mistral-7B-Instruct-v0.1,last_window,768,64,20,0.3,0.14547527396899385,0.5189767762289793
mistralai/Mistral-7B-Instruct-v0.1,last_window,768,128,20,0.2,0.0806563532712,0.41602172202575993
mistralai/Mistral-7B-Instruct-v0.1,last_window,768,256,20,0.3,0.14547527396899385,0.5189767762289793
mistralai/Mistral-7B-Instruct-v0.1,last_window,1024,-32,20,0.9,0.6989617935882066,0.9721341060158468
mistralai/Mistral-7B-Instruct-v0.1,last_window,1024,0,20,0.25,0.11186005278940309,0.4687050099580636
mistralai/Mistral-7B-Instruct-v0.1,last_window,1024,32,20,0.3,0.14547527396899385,0.5189767762289793
mistralai/Mistral-7B-Instruct-v0.1,last_window,1024,64,20,0.2,0.0806563532712,0.41602172202575993
mistralai/Mistral-7B-Instruct-v0.1,last_window,1024,128,20,0.3,0.14547527396899385,0.5189767762289793
mistralai/Mistral-7B-Instruct-v0.1,last_window,1024,256,20,0.45,0.25819502085709295,0.6579179916924003
mistralai/Mistral-7B-Instruct-v0.1,rolling_kv,32,-32,100,1.0,0.9630051925239981,0.9999999999999999
mistralai/Mistral-7B-Instruct-v0.1,rolling_kv,32,0,100,1.0,0.9630051925239981,0.9999999999999999
mistralai/Mistral-7B-Instruct-v0.1,rolling_kv,32,32,100,0.65,0.5525426042919797,0.7363589534652197
mistralai/Mistral-7B-Instruct-v0.1,rolling_kv,32,64,100,0.59,0.4920125056109662,0.6813284290433533
mistralai/Mistral-7B-Instruct-v0.1,rolling_kv,32,128,100,0.48,0.38464384320080547,0.5768359490982345
mistralai/Mistral-7B-Instruct-v0.1,rolling_kv,32,256,100,0.41,0.31867157095664655,0.5079874943890338
mistralai/Mistral-7B-Instruct-v0.1,rolling_kv,64,-32,100,1.0,0.9630051925239981,0.9999999999999999
mistralai/Mistral-7B-Instruct-v0.1,rolling_kv,64,0,100,1.0,0.9630051925239981,0.9999999999999999
mistralai/Mistral-7B-Instruct-v0.1,rolling_kv,64,32,100,0.74,0.6462882736813838,0.8159542187301354
mistralai/Mistral-7B-Instruct-v0.1,rolling_kv,64,64,100,0.73,0.6356769977376873,0.8073053908233518
mistralai/Mistral-7B-Instruct-v0.1,rolling_kv,64,128,100,0.65,0.5525426042919797,0.7363589534652197
mistralai/Mistral-7B-Instruct-v0.1,rolling_kv,64,256,100,0.39,0.300167219319702,0.48797163832501844
mistralai/Mistral-7B-Instruct-v0.1,rolling_kv,128,-32,100,1.0,0.9630051925239981,0.9999999999999999
mistralai/Mistral-7B-Instruct-v0.1,rolling_kv,128,0,100,0.99,0.9455124752390653,0.9982326134344526
mistralai/Mistral-7B-Instruct-v0.1,rolling_kv,128,32,100,0.72,0.6251178763865427,0.7986044083240164
mistralai/Mistral-7B-Instruct-v0.1,rolling_kv,128,64,100,0.66,0.5627754565831095,0.74538620502457
mistralai/Mistral-7B-Instruct-v0.1,rolling_kv,128,128,100,0.68,0.5833719774632081,0.7633098918454312
mistralai/Mistral-7B-Instruct-v0.1,rolling_kv,128,256,100,0.59,0.4920125056109662,0.6813284290433533
mistralai/Mistral-7B-Instruct-v0.1,rolling_kv,256,-32,100,1.0,0.9630051925239981,0.9999999999999999
mistralai/Mistral-7B-Instruct-v0.1,rolling_kv,256,0,100,1.0,0.9630051925239981,0.9999999999999999
mistralai/Mistral-7B-Instruct-v0.1,rolling_kv,256,32,100,0.3,0.21894753866228117,0.39585038432811953
mistralai/Mistral-7B-Instruct-v0.1,rolling_kv,256,64,100,0.38,0.2909744920013438,0.47790426179289663
mistralai/Mistral-7B-Instruct-v0.1,rolling_kv,256,128,100,0.34,0.25461379497543,0.43722454341689065
mistralai/Mistral-7B-Instruct-v0.1,rolling_kv,256,256,100,0.36,0.2727107459049014,0.45764780018837914
mistralai/Mistral-7B-Instruct-v0.1,rolling_kv,512,-32,100,0.98,0.9299868370580063,0.9944981477650318
mistralai/Mistral-7B-Instruct-v0.1,rolling_kv,512,0,100,0.99,0.9455124752390653,0.9982326134344526
mistralai/Mistral-7B-Instruct-v0.1,rolling_kv,512,32,100,0.44,0.34671865400968327,0.537720722887437
mistralai/Mistral-7B-Instruct-v0.1,rolling_kv,512,64,100,0.45,0.3561437510640346,0.5475557296835656
mistralai/Mistral-7B-Instruct-v0.1,rolling_kv,512,128,100,0.4,0.3093997461136028,0.4979992153815976
mistralai/Mistral-7B-Instruct-v0.1,rolling_kv,512,256,100,0.49,0.39421830092386145,0.5865215952256586
mistralai/Mistral-7B-Instruct-v0.1,rolling_kv,768,-32,100,0.89,0.8136853697209698,0.9374586804477487
mistralai/Mistral-7B-Instruct-v0.1,rolling_kv,768,0,100,0.96,0.9016278276739262,0.984336949448152
mistralai/Mistral-7B-Instruct-v0.1,rolling_kv,768,32,100,0.38,0.2909744920013438,0.47790426179289663
mistralai/Mistral-7B-Instruct-v0.1,rolling_kv,768,64,100,0.44,0.34671865400968327,0.537720722887437
mistralai/Mistral-7B-Instruct-v0.1,rolling_kv,768,128,100,0.31,0.22779563206132378,0.40626239477955695
mistralai/Mistral-7B-Instruct-v0.1,rolling_kv,768,256,100,0.28,0.2013955916759837,0.37488212361345724
mistralai/Mistral-7B-Instruct-v0.1,rolling_kv,1024,-32,100,0.94,0.8752303146877748,0.9722142547333433
mistralai/Mistral-7B-Instruct-v0.1,rolling_kv,1024,0,100,0.99,0.9455124752390653,0.9982326134344526
mistralai/Mistral-7B-Instruct-v0.1,rolling_kv,1024,32,100,0.47,0.3751065198210374,0.5671131686275227
mistralai/Mistral-7B-Instruct-v0.1,rolling_kv,1024,64,100,0.43,0.3373313900052838,0.5278478830413564
mistralai/Mistral-7B-Instruct-v0.1,rolling_kv,1024,128,100,0.35,0.2636410465347802,0.4474573957080203
mistralai/Mistral-7B-Instruct-v0.1,rolling_kv,1024,256,100,0.35,0.2636410465347802,0.4474573957080203
