series,condition,definition_gap,offset,models,n_per_model,accuracy,ci95_low,ci95_high
Last Window: model mean,last_window,32,-32,5,20,0.67,0.41283353828112596,0.8424706253452979
Last Window: model mean,last_window,64,-32,5,20,0.71,0.4527580565676308,0.8626176749708928
Last Window: model mean,last_window,128,-32,5,20,0.65,0.4091563129404435,0.8161120667299304
Last Window: model mean,last_window,256,-32,5,20,0.6900000000000001,0.4306973985178779,0.8546425490645958
Last Window: model mean,last_window,512,-32,5,20,0.64,0.4013137802828408,0.8089367074095082
Last Window: model mean,last_window,768,-32,5,20,0.54,0.3031382886475119,0.7569332792645879
Last Window: model mean,last_window,1024,-32,5,20,0.73,0.47422693332257476,0.8711845821719987
Last Window: model mean,last_window,32,0,5,20,0.39,0.17498051192511954,0.6598226763166062
Last Window: model mean,last_window,64,0,5,20,0.45999999999999996,0.22731347613434066,0.7126149559535595
Last Window: model mean,last_window,128,0,5,20,0.34,0.14515834063844307,0.614555387713158
Last Window: model mean,last_window,256,0,5,20,0.4,0.1927199518744777,0.6571011283452729
Last Window: model mean,last_window,512,0,5,20,0.4,0.18394353997656987,0.6658775402431808
Last Window: model mean,last_window,768,0,5,20,0.3,0.11961448279103162,0.5800276776484696
Last Window: model mean,last_window,1024,0,5,20,0.32,0.13957744027823366,0.5901005041173175
Last Window: model mean,last_window,32,32,5,20,0.35,0.14762143595311225,0.6271101843765137
Last Window: model mean,last_window,64,32,5,20,0.18,0.05493220945643448,0.4644952472467676
Last Window: model mean,last_window,128,32,5,20,0.26,0.09564404113788422,0.5439265513895173
Last Window: model mean,last_window,256,32,5,20,0.2,0.0641330640123185,0.4853301766469335
Last Window: model mean,last_window,512,32,5,20,0.25,0.08996896044036304,0.5345837401090135
Last Window: model mean,last_window,768,32,5,20,0.16,0.04409656308410861,0.44529510966304364
Last Window: model mean,last_window,1024,32,5,20,0.28,0.11077981222933118,0.5588265642541203
Last Window: model mean,last_window,32,64,5,20,0.26,0.09355350412131178,0.5460170884060898
Last Window: model mean,last_window,64,64,5,20,0.25,0.08899870021751596,0.5355540003318606
Last Window: model mean,last_window,128,64,5,20,0.24,0.0880681565357183,0.5214666520356335
Last Window: model mean,last_window,256,64,5,20,0.27,0.10107198852719801,0.5535164959782285
Last Window: model mean,last_window,512,64,5,20,0.25,0.08884868364663767,0.535704016902739
Last Window: model mean,last_window,768,64,5,20,0.25,0.08899870021751596,0.5355540003318606
Last Window: model mean,last_window,1024,64,5,20,0.28,0.11442427901258,0.5551820974708714
Last Window: model mean,last_window,32,128,5,20,0.21,0.07017264316167786,0.4943084894755991
Last Window: model mean,last_window,64,128,5,20,0.25,0.08899870021751596,0.5355540003318606
Last Window: model mean,last_window,128,128,5,20,0.24,0.08429387974284186,0.5252409288285098
Last Window: model mean,last_window,256,128,5,20,0.2,0.06216684179805952,0.48729639886119247
Last Window: model mean,last_window,512,128,5,20,0.25,0.08996896044036304,0.5345837401090135
Last Window: model mean,last_window,768,128,5,20,0.18,0.05493220945643448,0.4644952472467676
Last Window: model mean,last_window,1024,128,5,20,0.3,0.11619505708881059,0.5834471033506906
Last Window: model mean,last_window,32,256,5,20,0.37,0.15988308774841578,0.64488431653726
Last Window: model mean,last_window,64,256,5,20,0.22,0.07248797314766892,0.5070110514676329
Last Window: model mean,last_window,128,256,5,20,0.33,0.13720318786617378,0.6074926485074024
Last Window: model mean,last_window,256,256,5,20,0.38,0.16603811392605636,0.6537471823376444
Last Window: model mean,last_window,512,256,5,20,0.17,0.049257128758913304,0.45515243596626387
Last Window: model mean,last_window,768,256,5,20,0.23,0.0781630538451901,0.5163538627481367
Last Window: model mean,last_window,1024,256,5,20,0.38,0.16811505170775892,0.6516702445559419
Full Prompt: model mean,full_prompt,32,-32,5,20,0.99,0.7370562567381498,0.9988204501850717
Full Prompt: model mean,full_prompt,64,-32,5,20,1,0.7508945989012465,1.0
Full Prompt: model mean,full_prompt,128,-32,5,20,0.98,0.7232179145750531,0.9976409003701435
Full Prompt: model mean,full_prompt,256,-32,5,20,0.96,0.6997599929056894,0.9910630380834574
Full Prompt: model mean,full_prompt,512,-32,5,20,0.97,0.7109777796521597,0.994863143315012
Full Prompt: model mean,full_prompt,768,-32,5,20,0.97,0.7109777796521597,0.994863143315012
Full Prompt: model mean,full_prompt,1024,-32,5,20,0.99,0.7370562567381498,0.9988204501850717
Full Prompt: model mean,full_prompt,32,0,5,20,1,0.7508945989012465,1.0
Full Prompt: model mean,full_prompt,64,0,5,20,0.98,0.7232179145750531,0.9976409003701435
Full Prompt: model mean,full_prompt,128,0,5,20,0.99,0.7370562567381498,0.9988204501850717
Full Prompt: model mean,full_prompt,256,0,5,20,0.96,0.6997599929056894,0.9910630380834574
Full Prompt: model mean,full_prompt,512,0,5,20,0.99,0.7370562567381498,0.9988204501850717
Full Prompt: model mean,full_prompt,768,0,5,20,0.98,0.7248161218152565,0.9960426931299403
Full Prompt: model mean,full_prompt,1024,0,5,20,0.95,0.6848993025661696,0.9909058364449523
Full Prompt: model mean,full_prompt,32,32,5,20,1,0.7508945989012465,1.0
Full Prompt: model mean,full_prompt,64,32,5,20,1,0.7508945989012465,1.0
Full Prompt: model mean,full_prompt,128,32,5,20,1,0.7508945989012465,1.0
Full Prompt: model mean,full_prompt,256,32,5,20,0.99,0.7370562567381498,0.9988204501850717
Full Prompt: model mean,full_prompt,512,32,5,20,1,0.7508945989012465,1.0
Full Prompt: model mean,full_prompt,768,32,5,20,0.97,0.7109777796521597,0.994863143315012
Full Prompt: model mean,full_prompt,1024,32,5,20,1,0.7508945989012465,1.0
Full Prompt: model mean,full_prompt,32,64,5,20,0.99,0.7370562567381498,0.9988204501850717
Full Prompt: model mean,full_prompt,64,64,5,20,0.97,0.7109777796521597,0.994863143315012
Full Prompt: model mean,full_prompt,128,64,5,20,0.96,0.6955412302488597,0.995281800740287
Full Prompt: model mean,full_prompt,256,64,5,20,0.99,0.7370562567381498,0.9988204501850717
Full Prompt: model mean,full_prompt,512,64,5,20,0.99,0.7370562567381498,0.9988204501850717
Full Prompt: model mean,full_prompt,768,64,5,20,0.94,0.6736815158196993,0.9871057312133977
Full Prompt: model mean,full_prompt,1024,64,5,20,0.97,0.7109777796521597,0.994863143315012
Full Prompt: model mean,full_prompt,32,128,5,20,1,0.7508945989012465,1.0
Full Prompt: model mean,full_prompt,64,128,5,20,0.98,0.7248161218152565,0.9960426931299403
Full Prompt: model mean,full_prompt,128,128,5,20,0.99,0.7370562567381498,0.9988204501850717
Full Prompt: model mean,full_prompt,256,128,5,20,0.95,0.6875198579827959,0.988285281028326
Full Prompt: model mean,full_prompt,512,128,5,20,0.98,0.7232179145750531,0.9976409003701435
Full Prompt: model mean,full_prompt,768,128,5,20,0.98,0.7248161218152565,0.9960426931299403
Full Prompt: model mean,full_prompt,1024,128,5,20,0.98,0.7232179145750531,0.9976409003701435
Full Prompt: model mean,full_prompt,32,256,5,20,0.97,0.7135983350687861,0.9922425878983857
Full Prompt: model mean,full_prompt,64,256,5,20,0.96,0.6971394374890629,0.9936835935000838
Full Prompt: model mean,full_prompt,128,256,5,20,1,0.7508945989012465,1.0
Full Prompt: model mean,full_prompt,256,256,5,20,0.99,0.7370562567381498,0.9988204501850717
Full Prompt: model mean,full_prompt,512,256,5,20,0.99,0.7370562567381498,0.9988204501850717
Full Prompt: model mean,full_prompt,768,256,5,20,1,0.7508945989012465,1.0
Full Prompt: model mean,full_prompt,1024,256,5,20,1,0.7508945989012465,1.0
Rolling KV: Qwen 0.5B,rolling_kv,32,-32,1,100,0.96,0.9016292856411208,0.9843366960084523
Rolling KV: Qwen 0.5B,rolling_kv,64,-32,1,100,0.95,0.8882495307680808,0.9784563208456319
Rolling KV: Qwen 0.5B,rolling_kv,128,-32,1,100,0.99,0.9455138038212947,0.9982325679358592
Rolling KV: Qwen 0.5B,rolling_kv,256,-32,1,100,0.9,0.8256343384950865,0.9447708629393249
Rolling KV: Qwen 0.5B,rolling_kv,512,-32,1,100,0.3,0.2189488529493276,0.3958485463334666
Rolling KV: Qwen 0.5B,rolling_kv,768,-32,1,100,0.45,0.3561453797951198,0.5475539700255786
Rolling KV: Qwen 0.5B,rolling_kv,1024,-32,1,100,0.35,0.26364248243097527,0.44745556703112027
Rolling KV: Qwen 0.5B,rolling_kv,32,0,1,100,0.97,0.9154806357094724,0.9897454759759611
Rolling KV: Qwen 0.5B,rolling_kv,64,0,1,100,0.93,0.8625048526092651,0.9656807389327273
Rolling KV: Qwen 0.5B,rolling_kv,128,0,1,100,0.99,0.9455138038212947,0.9982325679358592
Rolling KV: Qwen 0.5B,rolling_kv,256,0,1,100,0.81,0.7222115462093562,0.8748524849023126
Rolling KV: Qwen 0.5B,rolling_kv,512,0,1,100,0.32,0.23669147324999096,0.41662618610452384
Rolling KV: Qwen 0.5B,rolling_kv,768,0,1,100,0.27,0.1926958414957634,0.36432116767944994
Rolling KV: Qwen 0.5B,rolling_kv,1024,0,1,100,0.4,0.3094012864324589,0.4979974132089382
Rolling KV: Qwen 0.5B,rolling_kv,32,32,1,100,0.24,0.16691325556948777,0.3323233634981447
Rolling KV: Qwen 0.5B,rolling_kv,64,32,1,100,0.24,0.16691325556948777,0.3323233634981447
Rolling KV: Qwen 0.5B,rolling_kv,128,32,1,100,0.29,0.21014835749122274,0.3853889117557111
Rolling KV: Qwen 0.5B,rolling_kv,256,32,1,100,0.29,0.21014835749122274,0.3853889117557111
Rolling KV: Qwen 0.5B,rolling_kv,512,32,1,100,0.18,0.1170022549894635,0.26667358386300727
Rolling KV: Qwen 0.5B,rolling_kv,768,32,1,100,0.23,0.15843265880303448,0.3215438302287377
Rolling KV: Qwen 0.5B,rolling_kv,1024,32,1,100,0.27,0.1926958414957634,0.36432116767944994
Rolling KV: Qwen 0.5B,rolling_kv,32,64,1,100,0.22,0.15001282384605397,0.31070353514985793
Rolling KV: Qwen 0.5B,rolling_kv,64,64,1,100,0.19,0.12514751509768735,0.2777884537906437
Rolling KV: Qwen 0.5B,rolling_kv,128,64,1,100,0.26,0.18404698464748132,0.3537098944918718
Rolling KV: Qwen 0.5B,rolling_kv,256,64,1,100,0.27,0.1926958414957634,0.36432116767944994
Rolling KV: Qwen 0.5B,rolling_kv,512,64,1,100,0.33,0.24563122734128034,0.4269465620490947
Rolling KV: Qwen 0.5B,rolling_kv,768,64,1,100,0.25,0.17545211362287674,0.34304463548061603
Rolling KV: Qwen 0.5B,rolling_kv,1024,64,1,100,0.32,0.23669147324999096,0.41662618610452384
Rolling KV: Qwen 0.5B,rolling_kv,32,128,1,100,0.2,0.1333669333310325,0.28882916559315885
Rolling KV: Qwen 0.5B,rolling_kv,64,128,1,100,0.27,0.1926958414957634,0.36432116767944994
Rolling KV: Qwen 0.5B,rolling_kv,128,128,1,100,0.28,0.20139685211186215,0.37488028709921156
Rolling KV: Qwen 0.5B,rolling_kv,256,128,1,100,0.14,0.08526343659939133,0.22137188210963832
Rolling KV: Qwen 0.5B,rolling_kv,512,128,1,100,0.25,0.17545211362287674,0.34304463548061603
Rolling KV: Qwen 0.5B,rolling_kv,768,128,1,100,0.26,0.18404698464748132,0.3537098944918718
Rolling KV: Qwen 0.5B,rolling_kv,1024,128,1,100,0.29,0.21014835749122274,0.3853889117557111
Rolling KV: Qwen 0.5B,rolling_kv,32,256,1,100,0.31,0.22779697212376038,0.40626055719489407
Rolling KV: Qwen 0.5B,rolling_kv,64,256,1,100,0.22,0.15001282384605397,0.31070353514985793
Rolling KV: Qwen 0.5B,rolling_kv,128,256,1,100,0.3,0.2189488529493276,0.3958485463334666
Rolling KV: Qwen 0.5B,rolling_kv,256,256,1,100,0.36,0.2727122040140433,0.4576459754839126
Rolling KV: Qwen 0.5B,rolling_kv,512,256,1,100,0.24,0.16691325556948777,0.3323233634981447
Rolling KV: Qwen 0.5B,rolling_kv,768,256,1,100,0.3,0.2189488529493276,0.3958485463334666
Rolling KV: Qwen 0.5B,rolling_kv,1024,256,1,100,0.26,0.18404698464748132,0.3537098944918718
Rolling KV: Qwen 3B,rolling_kv,32,-32,1,100,0.4,0.3094012864324589,0.4979974132089382
Rolling KV: Qwen 3B,rolling_kv,64,-32,1,100,0.52,0.4231657776522397,0.615354482419481
Rolling KV: Qwen 3B,rolling_kv,128,-32,1,100,0.42,0.3279838267435473,0.5179351329695703
Rolling KV: Qwen 3B,rolling_kv,256,-32,1,100,0.66,0.5627772885472463,0.7453847920265183
Rolling KV: Qwen 3B,rolling_kv,512,-32,1,100,0.26,0.18404698464748132,0.3537098944918718
Rolling KV: Qwen 3B,rolling_kv,768,-32,1,100,0.28,0.20139685211186215,0.37488028709921156
Rolling KV: Qwen 3B,rolling_kv,1024,-32,1,100,0.36,0.2727122040140433,0.4576459754839126
Rolling KV: Qwen 3B,rolling_kv,32,0,1,100,0.77,0.6784561697712622,0.8415673411969654
Rolling KV: Qwen 3B,rolling_kv,64,0,1,100,0.66,0.5627772885472463,0.7453847920265183
Rolling KV: Qwen 3B,rolling_kv,128,0,1,100,0.32,0.23669147324999096,0.41662618610452384
Rolling KV: Qwen 3B,rolling_kv,256,0,1,100,0.6,0.5020025867910618,0.6905987135675411
Rolling KV: Qwen 3B,rolling_kv,512,0,1,100,0.37,0.2818236053432453,0.46779470419057084
Rolling KV: Qwen 3B,rolling_kv,768,0,1,100,0.37,0.2818236053432453,0.46779470419057084
Rolling KV: Qwen 3B,rolling_kv,1024,0,1,100,0.5,0.4038315303659957,0.5961684696340044
Rolling KV: Qwen 3B,rolling_kv,32,32,1,100,0.32,0.23669147324999096,0.41662618610452384
Rolling KV: Qwen 3B,rolling_kv,64,32,1,100,0.23,0.15843265880303448,0.3215438302287377
Rolling KV: Qwen 3B,rolling_kv,128,32,1,100,0.2,0.1333669333310325,0.28882916559315885
Rolling KV: Qwen 3B,rolling_kv,256,32,1,100,0.24,0.16691325556948777,0.3323233634981447
Rolling KV: Qwen 3B,rolling_kv,512,32,1,100,0.24,0.16691325556948777,0.3323233634981447
Rolling KV: Qwen 3B,rolling_kv,768,32,1,100,0.29,0.21014835749122274,0.3853889117557111
Rolling KV: Qwen 3B,rolling_kv,1024,32,1,100,0.28,0.20139685211186215,0.37488028709921156
Rolling KV: Qwen 3B,rolling_kv,32,64,1,100,0.28,0.20139685211186215,0.37488028709921156
Rolling KV: Qwen 3B,rolling_kv,64,64,1,100,0.32,0.23669147324999096,0.41662618610452384
Rolling KV: Qwen 3B,rolling_kv,128,64,1,100,0.25,0.17545211362287674,0.34304463548061603
Rolling KV: Qwen 3B,rolling_kv,256,64,1,100,0.21,0.141656540619153,0.2997996883408986
Rolling KV: Qwen 3B,rolling_kv,512,64,1,100,0.25,0.17545211362287674,0.34304463548061603
Rolling KV: Qwen 3B,rolling_kv,768,64,1,100,0.29,0.21014835749122274,0.3853889117557111
Rolling KV: Qwen 3B,rolling_kv,1024,64,1,100,0.33,0.24563122734128034,0.4269465620490947
Rolling KV: Qwen 3B,rolling_kv,32,128,1,100,0.23,0.15843265880303448,0.3215438302287377
Rolling KV: Qwen 3B,rolling_kv,64,128,1,100,0.25,0.17545211362287674,0.34304463548061603
Rolling KV: Qwen 3B,rolling_kv,128,128,1,100,0.24,0.16691325556948777,0.3323233634981447
Rolling KV: Qwen 3B,rolling_kv,256,128,1,100,0.23,0.15843265880303448,0.3215438302287377
Rolling KV: Qwen 3B,rolling_kv,512,128,1,100,0.34,0.2546152079734817,0.4372227114527537
Rolling KV: Qwen 3B,rolling_kv,768,128,1,100,0.26,0.18404698464748132,0.3537098944918718
Rolling KV: Qwen 3B,rolling_kv,1024,128,1,100,0.26,0.18404698464748132,0.3537098944918718
Rolling KV: Qwen 3B,rolling_kv,32,256,1,100,0.25,0.17545211362287674,0.34304463548061603
Rolling KV: Qwen 3B,rolling_kv,64,256,1,100,0.27,0.1926958414957634,0.36432116767944994
Rolling KV: Qwen 3B,rolling_kv,128,256,1,100,0.31,0.22779697212376038,0.40626055719489407
Rolling KV: Qwen 3B,rolling_kv,256,256,1,100,0.27,0.1926958414957634,0.36432116767944994
Rolling KV: Qwen 3B,rolling_kv,512,256,1,100,0.31,0.22779697212376038,0.40626055719489407
Rolling KV: Qwen 3B,rolling_kv,768,256,1,100,0.19,0.12514751509768735,0.2777884537906437
Rolling KV: Qwen 3B,rolling_kv,1024,256,1,100,0.29,0.21014835749122274,0.3853889117557111
Rolling KV: Mistral 7B,rolling_kv,32,-32,1,100,1,0.9630065017930143,1.0
Rolling KV: Mistral 7B,rolling_kv,64,-32,1,100,1,0.9630065017930143,1.0
Rolling KV: Mistral 7B,rolling_kv,128,-32,1,100,1,0.9630065017930143,1.0
Rolling KV: Mistral 7B,rolling_kv,256,-32,1,100,1,0.9630065017930143,1.0
Rolling KV: Mistral 7B,rolling_kv,512,-32,1,100,0.98,0.929988209271456,0.9944980324498376
Rolling KV: Mistral 7B,rolling_kv,768,-32,1,100,0.89,0.8136870349691969,0.9374580364293543
Rolling KV: Mistral 7B,rolling_kv,1024,-32,1,100,0.94,0.8752318455410406,0.9722138760368118
Rolling KV: Mistral 7B,rolling_kv,32,0,1,100,1,0.9630065017930143,1.0
Rolling KV: Mistral 7B,rolling_kv,64,0,1,100,1,0.9630065017930143,1.0
Rolling KV: Mistral 7B,rolling_kv,128,0,1,100,0.99,0.9455138038212947,0.9982325679358592
Rolling KV: Mistral 7B,rolling_kv,256,0,1,100,1,0.9630065017930143,1.0
Rolling KV: Mistral 7B,rolling_kv,512,0,1,100,0.99,0.9455138038212947,0.9982325679358592
Rolling KV: Mistral 7B,rolling_kv,768,0,1,100,0.96,0.9016292856411208,0.9843366960084523
Rolling KV: Mistral 7B,rolling_kv,1024,0,1,100,0.99,0.9455138038212947,0.9982325679358592
Rolling KV: Mistral 7B,rolling_kv,32,32,1,100,0.65,0.5525444329688796,0.7363575175690247
Rolling KV: Mistral 7B,rolling_kv,64,32,1,100,0.74,0.6462901055081282,0.8159530153525186
Rolling KV: Mistral 7B,rolling_kv,128,32,1,100,0.72,0.6251197129007884,0.7986031478881379
Rolling KV: Mistral 7B,rolling_kv,256,32,1,100,0.3,0.2189488529493276,0.3958485463334666
Rolling KV: Mistral 7B,rolling_kv,512,32,1,100,0.44,0.346720266301608,0.5377189534832302
Rolling KV: Mistral 7B,rolling_kv,768,32,1,100,0.38,0.29097599252478734,0.47790244704488916
Rolling KV: Mistral 7B,rolling_kv,1024,32,1,100,0.47,0.3751081795934127,0.5671114302990063
Rolling KV: Mistral 7B,rolling_kv,32,64,1,100,0.59,0.4920143005341078,0.6813268697886348
Rolling KV: Mistral 7B,rolling_kv,64,64,1,100,0.73,0.63567883232055,0.8073041585042364
Rolling KV: Mistral 7B,rolling_kv,128,64,1,100,0.66,0.5627772885472463,0.7453847920265183
Rolling KV: Mistral 7B,rolling_kv,256,64,1,100,0.38,0.29097599252478734,0.47790244704488916
Rolling KV: Mistral 7B,rolling_kv,512,64,1,100,0.45,0.3561453797951198,0.5475539700255786
Rolling KV: Mistral 7B,rolling_kv,768,64,1,100,0.44,0.346720266301608,0.5377189534832302
Rolling KV: Mistral 7B,rolling_kv,1024,64,1,100,0.43,0.33733298524110106,0.5278461045078767
Rolling KV: Mistral 7B,rolling_kv,32,128,1,100,0.48,0.384645517580519,0.5768342223477603
Rolling KV: Mistral 7B,rolling_kv,64,128,1,100,0.65,0.5525444329688796,0.7363575175690247
Rolling KV: Mistral 7B,rolling_kv,128,128,1,100,0.68,0.5833738138954763,0.763308526750009
Rolling KV: Mistral 7B,rolling_kv,256,128,1,100,0.34,0.2546152079734817,0.4372227114527537
Rolling KV: Mistral 7B,rolling_kv,512,128,1,100,0.4,0.3094012864324589,0.4979974132089382
Rolling KV: Mistral 7B,rolling_kv,768,128,1,100,0.31,0.22779697212376038,0.40626055719489407
Rolling KV: Mistral 7B,rolling_kv,1024,128,1,100,0.35,0.26364248243097527,0.44745556703112027
Rolling KV: Mistral 7B,rolling_kv,32,256,1,100,0.41,0.3186731302113651,0.5079856994658921
Rolling KV: Mistral 7B,rolling_kv,64,256,1,100,0.39,0.3001687400639442,0.48796982954159257
Rolling KV: Mistral 7B,rolling_kv,128,256,1,100,0.59,0.4920143005341078,0.6813268697886348
Rolling KV: Mistral 7B,rolling_kv,256,256,1,100,0.36,0.2727122040140433,0.4576459754839126
Rolling KV: Mistral 7B,rolling_kv,512,256,1,100,0.49,0.3942199893044114,0.5865198806597283
Rolling KV: Mistral 7B,rolling_kv,768,256,1,100,0.28,0.20139685211186215,0.37488028709921156
Rolling KV: Mistral 7B,rolling_kv,1024,256,1,100,0.35,0.26364248243097527,0.44745556703112027
Rolling KV: Llama 8B,rolling_kv,32,-32,1,100,1,0.9630065017930143,1.0
Rolling KV: Llama 8B,rolling_kv,64,-32,1,100,1,0.9630065017930143,1.0
Rolling KV: Llama 8B,rolling_kv,128,-32,1,100,0.98,0.929988209271456,0.9944980324498376
Rolling KV: Llama 8B,rolling_kv,256,-32,1,100,0.93,0.8625048526092651,0.9656807389327273
Rolling KV: Llama 8B,rolling_kv,512,-32,1,100,0.28,0.20139685211186215,0.37488028709921156
Rolling KV: Llama 8B,rolling_kv,768,-32,1,100,0.25,0.17545211362287674,0.34304463548061603
Rolling KV: Llama 8B,rolling_kv,1024,-32,1,100,0.25,0.17545211362287674,0.34304463548061603
Rolling KV: Llama 8B,rolling_kv,32,0,1,100,0.96,0.9016292856411208,0.9843366960084523
Rolling KV: Llama 8B,rolling_kv,64,0,1,100,0.96,0.9016292856411208,0.9843366960084523
Rolling KV: Llama 8B,rolling_kv,128,0,1,100,0.94,0.8752318455410406,0.9722138760368118
Rolling KV: Llama 8B,rolling_kv,256,0,1,100,0.93,0.8625048526092651,0.9656807389327273
Rolling KV: Llama 8B,rolling_kv,512,0,1,100,0.36,0.2727122040140433,0.4576459754839126
Rolling KV: Llama 8B,rolling_kv,768,0,1,100,0.23,0.15843265880303448,0.3215438302287377
Rolling KV: Llama 8B,rolling_kv,1024,0,1,100,0.29,0.21014835749122274,0.3853889117557111
Rolling KV: Llama 8B,rolling_kv,32,32,1,100,0.3,0.2189488529493276,0.3958485463334666
Rolling KV: Llama 8B,rolling_kv,64,32,1,100,0.19,0.12514751509768735,0.2777884537906437
Rolling KV: Llama 8B,rolling_kv,128,32,1,100,0.27,0.1926958414957634,0.36432116767944994
Rolling KV: Llama 8B,rolling_kv,256,32,1,100,0.21,0.141656540619153,0.2997996883408986
Rolling KV: Llama 8B,rolling_kv,512,32,1,100,0.2,0.1333669333310325,0.28882916559315885
Rolling KV: Llama 8B,rolling_kv,768,32,1,100,0.28,0.20139685211186215,0.37488028709921156
Rolling KV: Llama 8B,rolling_kv,1024,32,1,100,0.25,0.17545211362287674,0.34304463548061603
Rolling KV: Llama 8B,rolling_kv,32,64,1,100,0.28,0.20139685211186215,0.37488028709921156
Rolling KV: Llama 8B,rolling_kv,64,64,1,100,0.26,0.18404698464748132,0.3537098944918718
Rolling KV: Llama 8B,rolling_kv,128,64,1,100,0.24,0.16691325556948777,0.3323233634981447
Rolling KV: Llama 8B,rolling_kv,256,64,1,100,0.28,0.20139685211186215,0.37488028709921156
Rolling KV: Llama 8B,rolling_kv,512,64,1,100,0.29,0.21014835749122274,0.3853889117557111
Rolling KV: Llama 8B,rolling_kv,768,64,1,100,0.32,0.23669147324999096,0.41662618610452384
Rolling KV: Llama 8B,rolling_kv,1024,64,1,100,0.29,0.21014835749122274,0.3853889117557111
Rolling KV: Llama 8B,rolling_kv,32,128,1,100,0.2,0.1333669333310325,0.28882916559315885
Rolling KV: Llama 8B,rolling_kv,64,128,1,100,0.27,0.1926958414957634,0.36432116767944994
Rolling KV: Llama 8B,rolling_kv,128,128,1,100,0.22,0.15001282384605397,0.31070353514985793
Rolling KV: Llama 8B,rolling_kv,256,128,1,100,0.18,0.1170022549894635,0.26667358386300727
Rolling KV: Llama 8B,rolling_kv,512,128,1,100,0.31,0.22779697212376038,0.40626055719489407
Rolling KV: Llama 8B,rolling_kv,768,128,1,100,0.22,0.15001282384605397,0.31070353514985793
Rolling KV: Llama 8B,rolling_kv,1024,128,1,100,0.22,0.15001282384605397,0.31070353514985793
Rolling KV: Llama 8B,rolling_kv,32,256,1,100,0.29,0.21014835749122274,0.3853889117557111
Rolling KV: Llama 8B,rolling_kv,64,256,1,100,0.19,0.12514751509768735,0.2777884537906437
Rolling KV: Llama 8B,rolling_kv,128,256,1,100,0.24,0.16691325556948777,0.3323233634981447
Rolling KV: Llama 8B,rolling_kv,256,256,1,100,0.31,0.22779697212376038,0.40626055719489407
Rolling KV: Llama 8B,rolling_kv,512,256,1,100,0.26,0.18404698464748132,0.3537098944918718
Rolling KV: Llama 8B,rolling_kv,768,256,1,100,0.2,0.1333669333310325,0.28882916559315885
Rolling KV: Llama 8B,rolling_kv,1024,256,1,100,0.29,0.21014835749122274,0.3853889117557111
Rolling KV: Glimmer 30B (NF4),rolling_kv,32,-32,1,100,0.99,0.9455138038212947,0.9982325679358592
Rolling KV: Glimmer 30B (NF4),rolling_kv,64,-32,1,100,1,0.9630065017930143,1.0
Rolling KV: Glimmer 30B (NF4),rolling_kv,128,-32,1,100,1,0.9630065017930143,1.0
Rolling KV: Glimmer 30B (NF4),rolling_kv,256,-32,1,100,1,0.9630065017930143,1.0
Rolling KV: Glimmer 30B (NF4),rolling_kv,512,-32,1,100,1,0.9630065017930143,1.0
Rolling KV: Glimmer 30B (NF4),rolling_kv,768,-32,1,100,0.99,0.9455138038212947,0.9982325679358592
Rolling KV: Glimmer 30B (NF4),rolling_kv,1024,-32,1,100,0.99,0.9455138038212947,0.9982325679358592
Rolling KV: Glimmer 30B (NF4),rolling_kv,32,0,1,100,1,0.9630065017930143,1.0
Rolling KV: Glimmer 30B (NF4),rolling_kv,64,0,1,100,1,0.9630065017930143,1.0
Rolling KV: Glimmer 30B (NF4),rolling_kv,128,0,1,100,1,0.9630065017930143,1.0
Rolling KV: Glimmer 30B (NF4),rolling_kv,256,0,1,100,1,0.9630065017930143,1.0
Rolling KV: Glimmer 30B (NF4),rolling_kv,512,0,1,100,0.99,0.9455138038212947,0.9982325679358592
Rolling KV: Glimmer 30B (NF4),rolling_kv,768,0,1,100,1,0.9630065017930143,1.0
Rolling KV: Glimmer 30B (NF4),rolling_kv,1024,0,1,100,1,0.9630065017930143,1.0
Rolling KV: Glimmer 30B (NF4),rolling_kv,32,32,1,100,0.98,0.929988209271456,0.9944980324498376
Rolling KV: Glimmer 30B (NF4),rolling_kv,64,32,1,100,0.97,0.9154806357094724,0.9897454759759611
Rolling KV: Glimmer 30B (NF4),rolling_kv,128,32,1,100,0.95,0.8882495307680808,0.9784563208456319
Rolling KV: Glimmer 30B (NF4),rolling_kv,256,32,1,100,0.97,0.9154806357094724,0.9897454759759611
Rolling KV: Glimmer 30B (NF4),rolling_kv,512,32,1,100,0.62,0.5220975529551108,0.7090240074752125
Rolling KV: Glimmer 30B (NF4),rolling_kv,768,32,1,100,0.7,0.6041514536665333,0.7810511470506722
Rolling KV: Glimmer 30B (NF4),rolling_kv,1024,32,1,100,0.75,0.656955364519384,0.8245478863771232
Rolling KV: Glimmer 30B (NF4),rolling_kv,32,64,1,100,0.98,0.929988209271456,0.9944980324498376
Rolling KV: Glimmer 30B (NF4),rolling_kv,64,64,1,100,0.97,0.9154806357094724,0.9897454759759611
Rolling KV: Glimmer 30B (NF4),rolling_kv,128,64,1,100,1,0.9630065017930143,1.0
Rolling KV: Glimmer 30B (NF4),rolling_kv,256,64,1,100,1,0.9630065017930143,1.0
Rolling KV: Glimmer 30B (NF4),rolling_kv,512,64,1,100,0.7,0.6041514536665333,0.7810511470506722
Rolling KV: Glimmer 30B (NF4),rolling_kv,768,64,1,100,0.59,0.4920143005341078,0.6813268697886348
Rolling KV: Glimmer 30B (NF4),rolling_kv,1024,64,1,100,0.71,0.6146110882442888,0.7898516425087772
Rolling KV: Glimmer 30B (NF4),rolling_kv,32,128,1,100,1,0.9630065017930143,1.0
Rolling KV: Glimmer 30B (NF4),rolling_kv,64,128,1,100,0.98,0.929988209271456,0.9944980324498376
Rolling KV: Glimmer 30B (NF4),rolling_kv,128,128,1,100,0.98,0.929988209271456,0.9944980324498376
Rolling KV: Glimmer 30B (NF4),rolling_kv,256,128,1,100,1,0.9630065017930143,1.0
Rolling KV: Glimmer 30B (NF4),rolling_kv,512,128,1,100,0.65,0.5525444329688796,0.7363575175690247
Rolling KV: Glimmer 30B (NF4),rolling_kv,768,128,1,100,0.67,0.5730534379509054,0.7543687726587196
Rolling KV: Glimmer 30B (NF4),rolling_kv,1024,128,1,100,0.63,0.5322052958094291,0.7181763946567546
Rolling KV: Glimmer 30B (NF4),rolling_kv,32,256,1,100,0.86,0.7786281178903616,0.9147365634006086
Rolling KV: Glimmer 30B (NF4),rolling_kv,64,256,1,100,0.82,0.7333264161369926,0.8829977450105364
Rolling KV: Glimmer 30B (NF4),rolling_kv,128,256,1,100,0.88,0.8018790057328857,0.9300059356298052
Rolling KV: Glimmer 30B (NF4),rolling_kv,256,256,1,100,0.93,0.8625048526092651,0.9656807389327273
Rolling KV: Glimmer 30B (NF4),rolling_kv,512,256,1,100,0.6,0.5020025867910618,0.6905987135675411
Rolling KV: Glimmer 30B (NF4),rolling_kv,768,256,1,100,0.41,0.3186731302113651,0.5079856994658921
Rolling KV: Glimmer 30B (NF4),rolling_kv,1024,256,1,100,0.52,0.4231657776522397,0.615354482419481
