series,condition,distance,accuracy,ci95_low,ci95_high
Last Window — model mean,last_window,-10,0.984,0.9121580420309254,0.9956123322601578
Last Window — model mean,last_window,-9,0.982,0.9087203057844863,0.9952989512574603
Last Window — model mean,last_window,-8,0.936,0.8532211903464025,0.9645223699653998
Last Window — model mean,last_window,-7,0.856,0.7635593235384575,0.9041395468078764
Last Window — model mean,last_window,-6,0.86,0.7638907705528986,0.9113103342917088
Last Window — model mean,last_window,-5,0.842,0.7480311654752183,0.8934098841271587
Last Window — model mean,last_window,-4,0.87,0.7782740442253655,0.9156826468649254
Last Window — model mean,last_window,-3,0.864,0.7717799590726995,0.9109233802701813
Last Window — model mean,last_window,-2,0.77,0.6640477706340591,0.8423530579993964
Last Window — model mean,last_window,-1,0.71,0.595931537491936,0.7979357736674184
Last Window — model mean,last_window,0,0.402,0.2864132889755639,0.5297819658167374
Last Window — model mean,last_window,1,0.27,0.17279071357793824,0.3958308027713403
Last Window — model mean,last_window,2,0.258,0.16372063325764152,0.38239417959681676
Last Window — model mean,last_window,3,0.228,0.13920384483193793,0.3506442092854698
Last Window — model mean,last_window,4,0.28200000000000003,0.18297676211129393,0.40815145773280487
Last Window — model mean,last_window,5,0.258,0.1638736958272295,0.3822411170272288
Last Window — model mean,last_window,6,0.28600000000000003,0.1861749762161241,0.4124554781262481
Last Window — model mean,last_window,7,0.24200000000000002,0.1503669758590507,0.36573889900231393
Last Window — model mean,last_window,8,0.23600000000000002,0.14540184677237056,0.35945067634158395
Last Window — model mean,last_window,9,0.264,0.16898627789324108,0.3883818867086274
Last Window — model mean,last_window,10,0.252,0.15869261372765736,0.3761688473793908
Full Prompt — model mean,full_prompt,-10,0.994,0.9272310477926742,0.9992949127440925
Full Prompt — model mean,full_prompt,-9,0.988,0.918138306396126,0.9971343023932305
Full Prompt — model mean,full_prompt,-8,0.998,0.9342632241203427,0.9997649709146974
Full Prompt — model mean,full_prompt,-7,0.998,0.9342632241203427,0.9997649709146974
Full Prompt — model mean,full_prompt,-6,0.998,0.9342632241203427,0.9997649709146974
Full Prompt — model mean,full_prompt,-5,0.994,0.9272310477926742,0.9992949127440925
Full Prompt — model mean,full_prompt,-4,0.998,0.9342632241203427,0.9997649709146974
Full Prompt — model mean,full_prompt,-3,0.994,0.9280483943971226,0.9984775661396442
Full Prompt — model mean,full_prompt,-2,0.996,0.9307471359565085,0.9995299418293949
Full Prompt — model mean,full_prompt,-1,0.998,0.9342632241203427,0.9997649709146974
Full Prompt — model mean,full_prompt,0,0.998,0.9342632241203427,0.9997649709146974
Full Prompt — model mean,full_prompt,1,0.994,0.9275439650680888,0.9989819954686779
Full Prompt — model mean,full_prompt,2,0.994,0.9275439650680888,0.9989819954686779
Full Prompt — model mean,full_prompt,3,0.998,0.9342632241203427,0.9997649709146974
Full Prompt — model mean,full_prompt,4,0.996,0.9310600532319231,0.9992170245539803
Full Prompt — model mean,full_prompt,5,0.996,0.9307471359565085,0.9995299418293949
Full Prompt — model mean,full_prompt,6,0.996,0.9307471359565085,0.9995299418293949
Full Prompt — model mean,full_prompt,7,1,0.937779312284177,0.9999999999999999
Full Prompt — model mean,full_prompt,8,0.996,0.9307471359565085,0.9995299418293949
Full Prompt — model mean,full_prompt,9,0.992,0.9240278769042546,0.9987469663833755
Full Prompt — model mean,full_prompt,10,0.99,0.9205117887404203,0.998511937298073
Rolling KV: Qwen 0.5B,rolling_kv,-10,0.99,0.9455124752390653,0.9982326134344526
Rolling KV: Qwen 0.5B,rolling_kv,-9,0.99,0.9455124752390653,0.9982326134344526
Rolling KV: Qwen 0.5B,rolling_kv,-8,1,0.9630051925239981,0.9999999999999999
Rolling KV: Qwen 0.5B,rolling_kv,-7,1,0.9630051925239981,0.9999999999999999
Rolling KV: Qwen 0.5B,rolling_kv,-6,1,0.9630051925239981,0.9999999999999999
Rolling KV: Qwen 0.5B,rolling_kv,-5,0.99,0.9455124752390653,0.9982326134344526
Rolling KV: Qwen 0.5B,rolling_kv,-4,1,0.9630051925239981,0.9999999999999999
Rolling KV: Qwen 0.5B,rolling_kv,-3,1,0.9630051925239981,0.9999999999999999
Rolling KV: Qwen 0.5B,rolling_kv,-2,1,0.9630051925239981,0.9999999999999999
Rolling KV: Qwen 0.5B,rolling_kv,-1,0.99,0.9455124752390653,0.9982326134344526
Rolling KV: Qwen 0.5B,rolling_kv,0,1,0.9630051925239981,0.9999999999999999
Rolling KV: Qwen 0.5B,rolling_kv,1,0.97,0.915479219195973,0.9897456617765851
Rolling KV: Qwen 0.5B,rolling_kv,2,0.3,0.21894753866228117,0.39585038432811953
Rolling KV: Qwen 0.5B,rolling_kv,3,0.19,0.1251465399270426,0.27779024070807856
Rolling KV: Qwen 0.5B,rolling_kv,4,0.27,0.1926946091766482,0.3643230022623127
Rolling KV: Qwen 0.5B,rolling_kv,5,0.27,0.1926946091766482,0.3643230022623127
Rolling KV: Qwen 0.5B,rolling_kv,6,0.25,0.1754509400372426,0.3430464637007583
Rolling KV: Qwen 0.5B,rolling_kv,7,0.22,0.15001174503655804,0.3107053471500031
Rolling KV: Qwen 0.5B,rolling_kv,8,0.31,0.22779563206132378,0.40626239477955695
Rolling KV: Qwen 0.5B,rolling_kv,9,0.33,0.24562983793895452,0.4269483966028862
Rolling KV: Qwen 0.5B,rolling_kv,10,0.31,0.22779563206132378,0.40626239477955695
Rolling KV: Qwen 3B,rolling_kv,-10,1,0.9630051925239981,0.9999999999999999
Rolling KV: Qwen 3B,rolling_kv,-9,1,0.9630051925239981,0.9999999999999999
Rolling KV: Qwen 3B,rolling_kv,-8,1,0.9630051925239981,0.9999999999999999
Rolling KV: Qwen 3B,rolling_kv,-7,1,0.9630051925239981,0.9999999999999999
Rolling KV: Qwen 3B,rolling_kv,-6,1,0.9630051925239981,0.9999999999999999
Rolling KV: Qwen 3B,rolling_kv,-5,1,0.9630051925239981,0.9999999999999999
Rolling KV: Qwen 3B,rolling_kv,-4,1,0.9630051925239981,0.9999999999999999
Rolling KV: Qwen 3B,rolling_kv,-3,0.96,0.9016278276739262,0.984336949448152
Rolling KV: Qwen 3B,rolling_kv,-2,0.98,0.9299868370580063,0.9944981477650318
Rolling KV: Qwen 3B,rolling_kv,-1,0.79,0.7001985069803768,0.8583445046835422
Rolling KV: Qwen 3B,rolling_kv,0,0.79,0.7001985069803768,0.8583445046835422
Rolling KV: Qwen 3B,rolling_kv,1,0.63,0.5322034757513312,0.7181778743049083
Rolling KV: Qwen 3B,rolling_kv,2,0.35,0.2636410465347802,0.4474573957080203
Rolling KV: Qwen 3B,rolling_kv,3,0.25,0.1754509400372426,0.3430464637007583
Rolling KV: Qwen 3B,rolling_kv,4,0.32,0.2366901081545688,0.4166280225367919
Rolling KV: Qwen 3B,rolling_kv,5,0.26,0.18404578126986462,0.35371172631861636
Rolling KV: Qwen 3B,rolling_kv,6,0.3,0.21894753866228117,0.39585038432811953
Rolling KV: Qwen 3B,rolling_kv,7,0.24,0.16691211265459965,0.3323251872329213
Rolling KV: Qwen 3B,rolling_kv,8,0.28,0.2013955916759837,0.37488212361345724
Rolling KV: Qwen 3B,rolling_kv,9,0.28,0.2013955916759837,0.37488212361345724
Rolling KV: Qwen 3B,rolling_kv,10,0.28,0.2013955916759837,0.37488212361345724
Rolling KV: Mistral 7B,rolling_kv,-10,1,0.9630051925239981,0.9999999999999999
Rolling KV: Mistral 7B,rolling_kv,-9,1,0.9630051925239981,0.9999999999999999
Rolling KV: Mistral 7B,rolling_kv,-8,1,0.9630051925239981,0.9999999999999999
Rolling KV: Mistral 7B,rolling_kv,-7,1,0.9630051925239981,0.9999999999999999
Rolling KV: Mistral 7B,rolling_kv,-6,1,0.9630051925239981,0.9999999999999999
Rolling KV: Mistral 7B,rolling_kv,-5,1,0.9630051925239981,0.9999999999999999
Rolling KV: Mistral 7B,rolling_kv,-4,1,0.9630051925239981,0.9999999999999999
Rolling KV: Mistral 7B,rolling_kv,-3,1,0.9630051925239981,0.9999999999999999
Rolling KV: Mistral 7B,rolling_kv,-2,1,0.9630051925239981,0.9999999999999999
Rolling KV: Mistral 7B,rolling_kv,-1,1,0.9630051925239981,0.9999999999999999
Rolling KV: Mistral 7B,rolling_kv,0,1,0.9630051925239981,0.9999999999999999
Rolling KV: Mistral 7B,rolling_kv,1,1,0.9630051925239981,0.9999999999999999
Rolling KV: Mistral 7B,rolling_kv,2,0.95,0.8882480347279118,0.9784566385436864
Rolling KV: Mistral 7B,rolling_kv,3,0.94,0.8752303146877748,0.9722142547333433
Rolling KV: Mistral 7B,rolling_kv,4,0.93,0.8625032899347026,0.9656811756359359
Rolling KV: Mistral 7B,rolling_kv,5,0.86,0.7786263961619276,0.914737342455351
Rolling KV: Mistral 7B,rolling_kv,6,0.94,0.8752303146877748,0.9722142547333433
Rolling KV: Mistral 7B,rolling_kv,7,0.89,0.8136853697209698,0.9374586804477487
Rolling KV: Mistral 7B,rolling_kv,8,0.9,0.8256326956323347,0.9447714583868639
Rolling KV: Mistral 7B,rolling_kv,9,0.88,0.8018773199709163,0.9300066263473222
Rolling KV: Mistral 7B,rolling_kv,10,0.89,0.8136853697209698,0.9374586804477487
Rolling KV: Llama 8B,rolling_kv,-10,1,0.9630051925239981,0.9999999999999999
Rolling KV: Llama 8B,rolling_kv,-9,0.99,0.9455124752390653,0.9982326134344526
Rolling KV: Llama 8B,rolling_kv,-8,1,0.9630051925239981,0.9999999999999999
Rolling KV: Llama 8B,rolling_kv,-7,1,0.9630051925239981,0.9999999999999999
Rolling KV: Llama 8B,rolling_kv,-6,1,0.9630051925239981,0.9999999999999999
Rolling KV: Llama 8B,rolling_kv,-5,1,0.9630051925239981,0.9999999999999999
Rolling KV: Llama 8B,rolling_kv,-4,1,0.9630051925239981,0.9999999999999999
Rolling KV: Llama 8B,rolling_kv,-3,1,0.9630051925239981,0.9999999999999999
Rolling KV: Llama 8B,rolling_kv,-2,1,0.9630051925239981,0.9999999999999999
Rolling KV: Llama 8B,rolling_kv,-1,1,0.9630051925239981,0.9999999999999999
Rolling KV: Llama 8B,rolling_kv,0,1,0.9630051925239981,0.9999999999999999
Rolling KV: Llama 8B,rolling_kv,1,1,0.9630051925239981,0.9999999999999999
Rolling KV: Llama 8B,rolling_kv,2,0.79,0.7001985069803768,0.8583445046835422
Rolling KV: Llama 8B,rolling_kv,3,0.57,0.4721521169586435,0.6626686099947162
Rolling KV: Llama 8B,rolling_kv,4,0.4,0.3093997461136028,0.4979992153815976
Rolling KV: Llama 8B,rolling_kv,5,0.51,0.4134784047743415,0.6057816990761385
Rolling KV: Llama 8B,rolling_kv,6,0.43,0.3373313900052838,0.5278478830413564
Rolling KV: Llama 8B,rolling_kv,7,0.52,0.4231640509017654,0.6153561567991945
Rolling KV: Llama 8B,rolling_kv,8,0.36,0.2727107459049014,0.45764780018837914
Rolling KV: Llama 8B,rolling_kv,9,0.52,0.4231640509017654,0.6153561567991945
Rolling KV: Llama 8B,rolling_kv,10,0.56,0.4622792771125631,0.6532813459903167
Rolling KV: Glimmer 30B (NF4),rolling_kv,-10,0.99,0.9455124752390653,0.9982326134344526
Rolling KV: Glimmer 30B (NF4),rolling_kv,-9,1,0.9630051925239981,0.9999999999999999
Rolling KV: Glimmer 30B (NF4),rolling_kv,-8,1,0.9630051925239981,0.9999999999999999
Rolling KV: Glimmer 30B (NF4),rolling_kv,-7,1,0.9630051925239981,0.9999999999999999
Rolling KV: Glimmer 30B (NF4),rolling_kv,-6,1,0.9630051925239981,0.9999999999999999
Rolling KV: Glimmer 30B (NF4),rolling_kv,-5,1,0.9630051925239981,0.9999999999999999
Rolling KV: Glimmer 30B (NF4),rolling_kv,-4,1,0.9630051925239981,0.9999999999999999
Rolling KV: Glimmer 30B (NF4),rolling_kv,-3,1,0.9630051925239981,0.9999999999999999
Rolling KV: Glimmer 30B (NF4),rolling_kv,-2,1,0.9630051925239981,0.9999999999999999
Rolling KV: Glimmer 30B (NF4),rolling_kv,-1,1,0.9630051925239981,0.9999999999999999
Rolling KV: Glimmer 30B (NF4),rolling_kv,0,1,0.9630051925239981,0.9999999999999999
Rolling KV: Glimmer 30B (NF4),rolling_kv,1,1,0.9630051925239981,0.9999999999999999
Rolling KV: Glimmer 30B (NF4),rolling_kv,2,0.98,0.9299868370580063,0.9944981477650318
Rolling KV: Glimmer 30B (NF4),rolling_kv,3,0.97,0.915479219195973,0.9897456617765851
Rolling KV: Glimmer 30B (NF4),rolling_kv,4,0.97,0.915479219195973,0.9897456617765851
Rolling KV: Glimmer 30B (NF4),rolling_kv,5,0.99,0.9455124752390653,0.9982326134344526
Rolling KV: Glimmer 30B (NF4),rolling_kv,6,0.96,0.9016278276739262,0.984336949448152
Rolling KV: Glimmer 30B (NF4),rolling_kv,7,0.93,0.8625032899347026,0.9656811756359359
Rolling KV: Glimmer 30B (NF4),rolling_kv,8,0.97,0.915479219195973,0.9897456617765851
Rolling KV: Glimmer 30B (NF4),rolling_kv,9,0.95,0.8882480347279118,0.9784566385436864
Rolling KV: Glimmer 30B (NF4),rolling_kv,10,0.96,0.9016278276739262,0.984336949448152
